id,target
1,293.4104141156273
2,4.906142691743057
3,69.8127894601088
4,46.455066800146085
5,75.8298424504989
6,142.62083344931293
7,102.29948437428901
8,207.78458296603554
9,234.48502872946304
10,6.21201854596558
11,274.2899092046486
12,2.550859528451534
13,235.7061397004893
14,291.40143396730167
15,12.82346310471239
16,251.7979392053779
17,177.7339751959239
18,369.537303767625
19,256.16934980805496
20,3.3679227770009033
21,4.652606466184144
22,260.8958218695639
23,3.8701982063095226
24,1.4758530314013962
25,5.670354047191426
26,2.8946287647378495
27,3.474576747610289
28,4.6949306869145655
29,5.842275003565908
30,212.6569991097087
31,95.49465279701629
32,77.54219988901625
33,258.09810435970576
34,129.0813629365916
35,274.0094344165782
36,1.4758530314013962
37,6.235917166726566
38,195.86911821684131
39,5.653331431082457
40,5.9127273831955
41,7.502168801892051
42,182.92777950123443
43,3.173391744590523
44,206.2819653939628
45,161.44967443000652
46,5.898354462099199
47,7.023812062765217
48,49.90595440347507
49,3.6217496359636607
50,140.67457003149823
51,4.155321251185702
52,86.3344388028437
53,5.123554369577984
54,152.87055632037152
55,2.5490795441725718
56,303.6692322921468
57,152.25728332125172
58,110.68982095837359
59,97.08314729272934
60,365.23469037093383
61,3.923540185154738
62,151.61490648456692
63,254.06805420306398
64,183.6914625685764
65,48.21953696195765
66,5.810320059429685
67,261.5027656959605
68,263.41473366753866
69,56.370137065854735
70,109.97397588914153
71,238.39099338254633
72,243.04167758409358
73,105.77638763629646
74,126.5127089658037
75,117.0776548116803
76,179.34764529355493
77,5.151906738223365
78,283.73114324715766
79,6.506690379975342
80,10.964711135238923
81,2.772806414965284
82,274.4231294325436
83,4.936376759975718
84,123.3660946473294
85,3.6350957373815946
86,212.97201581456747
87,4.602120994128178
88,3.6955435336755573
89,-8.953465063580435
90,139.11700890677605
91,155.25067405869697
92,239.74947570670756
93,301.0249130933891
94,109.3184072582176
95,6.615839318939211
96,193.81836241734024
97,4.43148962310561
98,35.84105017179389
99,176.4803490333037
100,6.604299793687068
101,4.213854515476637
102,259.2449994144131
103,277.53561634885557
104,222.47298134806044
105,148.49257310925222
106,2.762319223036225
107,59.467530452458156
108,50.460913221541425
109,73.35429849771961
110,110.5452913133511
111,6.639396679848765
112,3.3342644430597868
113,6.208948120491759
114,6.650598927316368
115,4.76227955183838
116,192.857167290598
117,181.22762730332866
118,114.48607109048544
119,6.643270933059642
120,194.03148509735604
121,74.13743433987109
122,122.61750925246785
123,1.3575951466835077
124,263.48983020570006
125,20.807129570835475
126,16.73709919542505
127,40.90696231753784
128,5.584247926831541
129,5.892082843788976
130,2.236557271868785
131,3.961169144350541
132,189.27537654063622
133,3.0287182423650454
134,158.85730041231452
135,3.0445846488118775
136,5.646626708628677
137,152.0210738653856
138,114.20289140423183
139,188.3656740471853
140,220.82588055064787
141,231.55415575943678
142,270.25297468646227
143,2.8530669065780865
144,25.71578278951921
145,233.13258153452995
146,3.0068709559107067
147,-57.76510288003757
148,277.1098454028348
149,256.87662813047166
150,-25.992001368717574
151,150.97518199938204
152,41.717701743273146
153,258.8047420061402
154,4.164135783343757
155,35.12894675806466
156,306.6364192889218
157,101.78866644576085
158,11.18907710697171
159,5.0035082531392145
160,263.1985464627333
161,5.014316413799737
162,4.336495942980736
163,170.4926442085949
164,2.6943021235963065
165,60.07653662525979
166,39.39156973226063
167,3.7255071004558173
168,255.05567384929782
169,29.603634533561454
170,5.317513609790733
171,121.58893685666972
172,-49.32922799276017
173,3.72802443989676
174,3.715077137707977
175,3.775448399522309
176,327.8652331717228
177,6.55680172526839
178,97.97929252554135
179,4.318461567842548
180,64.37574694218443
181,310.7020108832361
182,53.38013875008084
183,6.286293886492297
184,5.76339709792589
185,45.648520279289244
186,5.343533378728836
187,6.698305313337674
188,38.81186841623437
189,78.59038921883041
190,182.43499148172407
191,65.35034435722895
192,5.888305463465124
193,221.4543735763476
194,110.06741971805512
195,320.0887839428139
196,36.64723083536211
197,144.16767960127225
198,265.33829289035305
199,55.58807760955548
200,253.92771515552138
201,6.69036914855242
202,4.396631499193847
203,4.291386027298291
204,181.20778839345732
205,247.27468256963292
206,3.624101335632801
207,130.10677339009655
208,31.78940002865679
209,125.66020165643369
210,46.9298119984176
211,3.5209852342331853
212,11.36474481616313
213,3.006774500999606
214,150.78148378534613
215,85.04734344801044
216,302.12696594292396
217,211.4533640259405
218,3.430930047337999
219,122.18295541212947
220,122.64041647781654
221,222.30734892493894
222,140.14255540706378
223,240.41754118505196
224,199.48781712500366
225,70.5997168719194
226,78.88500611925411
227,2.9586907226680275
228,4.177671739392944
229,3.4135171146215844
230,168.0772754273151
231,-28.530304069473033
232,218.8498813972003
233,50.295203087036356
234,3.3866804587905963
235,4.055455604842319
236,32.9849991915048
237,-46.61399402008992
238,73.46951648449823
239,3.0368499221143996
240,34.14845135803736
241,3.4169133060255485
242,64.19925978213905
243,215.95864279253325
244,5.1604123245830635
245,152.37571060263355
246,54.87429864171626
247,96.17939980035638
248,60.80023672776447
249,137.46481006211638
250,222.4769319449987
251,-68.94371799264603
252,27.949480465060915
253,30.068692719066544
254,4.967605018307245
255,6.051846024645018
256,241.6422395628858
257,4.1671967280656474
258,112.18978503834057
259,2.6087865039931457
260,170.56700025051097
261,276.74096486909997
262,10.012889155729574
263,88.78440523166725
264,147.7964214298952
265,6.517328329848494
266,3.8276411293063126
267,151.75042680116542
268,28.508119633086864
269,4.813859233820047
270,172.2437228288972
271,66.50914355740825
272,289.6288890229095
273,199.44228171613966
274,271.33367742362793
275,3.247057208773824
276,79.06405389453543
277,1.5147736845933588
278,4.594257441167095
279,103.07837597990337
280,78.34283634703851
281,-62.36330463421918
282,6.654295158056871
283,243.55798143432168
284,104.44121024023421
285,191.2917758813997
286,3.6740505437279394
287,208.86779738228873
288,116.10875361162658
289,212.70237486139996
290,250.48762620719083
291,108.97078010028815
292,160.2817777337178
293,152.9799516004113
294,48.43493396306805
295,4.389369407209571
296,296.27472793040226
297,5.624349234010951
298,1.6880665142069187
299,264.41401931223197
300,177.13590829708556
301,73.12037072738845
302,5.524912542691574
303,69.28620809088963
304,3.753239827916634
305,173.673358967532
306,3.283945991613446
307,145.50339797013876
308,3.526758603082768
309,108.95418816775553
310,144.51696965815833
311,3.301704320248549
312,2.9662639260687316
313,284.30645120819486
314,280.5206856044841
315,295.3374476930471
316,254.49184422000056
317,34.164296291914646
318,151.90065855355255
319,6.394523717243023
320,183.1046326730517
321,98.61968073647184
322,5.049891023827627
323,45.28093363266318
324,6.527001769629841
325,48.203817629841836
326,317.8558066367471
327,95.3833526005793
328,2.649650851056309
329,88.28442215572944
330,5.600957638495098
331,185.61916482171083
332,147.16931135859562
333,5.548574640158349
334,174.32259338031872
335,40.68259784466404
336,112.11448229862432
337,184.1760548530442
338,267.32623422850116
339,224.70517357096804
340,349.25499424424476
341,4.956712245184293
342,237.34112092846823
343,294.0589691784096
344,-54.6979549641535
345,38.13754436504882
346,4.436123175116573
347,5.489043665825688
348,2.9226533651511906
349,7.07394829920382
350,3.3070712135455724
351,271.4104661738859
352,111.262538212011
353,6.743028068912508
354,223.9175285949317
355,52.9828991027536
356,2.3434690648198786
357,101.80667892632857
358,1.044318917958544
359,191.2247150134224
360,50.30807504306906
361,7.21468569950865
362,51.95880448797824
363,3.2723869925505342
364,1.7766414496155025
365,276.87513926565754
366,3.725779069983643
367,2.661237776494243
368,3.139311044522715
369,-6.044037905242266
370,232.34410445194231
371,29.035745947858572
372,140.9756135405205
373,268.0106873947927
374,243.83453269635325
375,-36.150789730842355
376,3.5917355814180905
377,227.5389589815594
378,-47.29204973154275
379,115.94134161999618
380,204.38904466274874
381,6.626817178228864
382,308.8765701135947
383,5.81589355494471
384,46.63039547601814
385,297.0783437315469
386,51.50381226487534
387,3.839020954282842
388,3.20786846298224
389,90.85016426245069
390,266.5869365941363
391,86.89349455581018
392,157.50114983464312
393,19.7572393056592
394,167.02156310308467
395,6.485246825410674
396,3.002954484771514
397,61.82003699394015
398,173.24157819086923
399,54.482539666376944
400,35.60349546048128
401,45.011220154593246
402,238.4197821754706
403,3.6402980922226806
404,25.737954378904725
405,162.52835652576903
406,38.964065453563435
407,141.34483166413614
408,30.491774747239003
409,5.563139446642648
410,108.96872338374293
411,62.19624205319534
412,243.94995504657575
413,11.771889789605183
414,5.5794009295960185
415,-10.632604071416036
416,127.79881309050295
417,2.5255522083883117
418,85.17376637661569
419,5.469611658185024
420,370.73820746381494
421,2.7651798934307137
422,315.440975676342
423,3.4324296759891753
424,245.5574063288943
425,3.121245418361532
426,2.5754585713742615
427,98.05373129948183
428,4.159466004425742
429,22.063198099091668
430,142.98608880590888
431,126.96064219477408
432,37.134293243327804
433,6.131762424416091
434,3.4870578084408375
435,255.22405492167613
436,-8.911044910800703
437,169.90948144721338
438,75.38810448959428
439,3.114036562134979
440,148.82586641323167
441,256.8217347724594
442,3.5622219912347806
443,248.7840126505381
444,6.409581443710419
445,6.249543750917397
446,5.769421796869712
447,6.590794097716096
448,180.86654482301228
449,6.670878006099047
450,5.228377663774794
451,170.68906832075032
452,359.5738774178217
453,242.8995445972183
454,2.9619292414859424
455,119.12965284154734
456,225.0722050566648
457,2.075690849181276
458,-76.36688394004527
459,117.15089526232872
460,2.6387145263345895
461,4.461432095225952
462,5.954512923674809
463,-50.65549831138536
464,5.38309983904539
465,3.337316268464307
466,75.32149248704117
467,1.622995671192324
468,3.1110627550470658
469,25.998758923046154
470,80.30349979997875
471,4.044278555792464
472,2.5311746077017223
473,41.764622027103464
474,374.01897804648735
475,39.43481209269007
476,4.456673023178958
477,302.8142311412183
478,60.26631842200729
479,5.312148111921923
480,20.443630972582724
481,187.6895340309407
482,5.6847776811570245
483,2.4783473541076217
484,55.218265491660034
485,366.4461650982381
486,90.36687031016285
487,68.60647184586291
488,170.752650537684
489,33.19109628903433
490,75.49441273292447
491,119.27039232095237
492,358.7366160070603
493,225.4753884376129
494,117.02195977562036
495,54.92960140647748
496,71.43061027924992
497,3.993305541580406
498,3.302815056152238
499,5.678211684967022
500,117.85595762862724
501,138.8814505319713
502,247.4613105550631
503,13.190307850664771
504,65.93788233428221
505,235.59015536208855
506,60.085225739584914
507,6.362319055327792
508,6.579913149543511
509,184.58674879846876
510,178.62442256943717
511,241.70870090162126
512,190.74127784539314
513,43.927131185874266
514,-19.318176226422388
515,4.254009102617654
516,267.09888146209227
517,241.67626571232452
518,90.79990736116484
519,38.17293659685683
520,2.7258481412275883
521,140.22369349778762
522,230.39357922124492
523,166.31427957437202
524,61.93458821514018
525,254.07328133435115
526,5.384628333780779
527,5.785077337990613
528,2.9392758361348585
529,0.49105738121248765
530,2.576578092852932
531,3.6660175621495057
532,132.03910777232247
533,10.914506020318157
534,2.5772475566530586
535,3.063293346933989
536,58.26752555977636
537,65.07403525721098
538,63.483373325118585
539,265.29034820103175
540,3.1537416722673615
541,82.762758722569
542,4.990022893390171
543,7.524661325910091
544,253.89628955202744
545,5.878435259604722
546,2.782010205421826
547,217.13842154273382
548,4.49789695255737
549,-16.725473128871652
550,184.39145968077224
551,4.408313964430993
552,184.946707623867
553,40.51281732999467
554,2.4056881790930205
555,64.1205051254369
556,4.84741345698365
557,153.2896826305057
558,108.64697056510181
559,192.7797609554105
560,34.36561607235444
561,237.07295466852713
562,200.78667538478874
563,5.835369706428466
564,246.86260056367175
565,131.10056628769263
566,4.104767959030094
567,239.42395623390044
568,178.05075009245664
569,12.21202301262472
570,2.5946461437215698
571,264.46562213466143
572,90.78739637927556
573,6.281623273678182
574,108.31136705777726
575,3.2275503547623137
576,37.8415211697903
577,95.35835509080856
578,1.6652145393311142
579,273.21895210753235
580,98.35746194744667
581,2.6476277239768153
582,4.448644097276688
583,75.58220429641992
584,35.09478499382257
585,-67.71521622864752
586,159.87225364595446
587,150.56124408339312
588,149.11833996866696
589,97.92958605185493
590,168.43730670601704
591,5.960083075619517
592,2.1314060528353767
593,63.76930434820941
594,21.329971079190607
595,47.628865545271935
596,94.10947332452496
597,3.6266307749022935
598,157.1755315029004
599,74.8751478713771
600,171.56641180443756
601,272.5566959860239
602,63.8743961926391
603,2.5235234772364583
604,9.584355906793547
605,71.78880870198448
606,-85.31688606017175
607,5.654055707606918
608,-43.957782834589715
609,291.54070920915274
610,33.487800852169634
611,3.6504897480531615
612,90.36518497833751
613,201.90608499284477
614,185.36035046422927
615,43.36912026067187
616,252.92022281328929
617,216.53306487614327
618,8.647836025648505
619,4.341881898142282
620,6.705752953811528
621,3.4726193914277546
622,59.80347556517639
623,2.0830473628421227
624,179.00920051739976
625,3.4453092777617433
626,5.9834108809985835
627,234.2630434784215
628,40.072599167422126
629,5.911101809568353
630,3.816429989416502
631,5.763504170156078
632,65.48522497823573
633,5.852830583823123
634,127.10147374044871
635,53.08114677076262
636,228.70890844284324
637,254.99134016354316
638,330.0062570893905
639,6.543288329019753
640,68.63530732845182
641,199.52773758921703
642,245.14971801227284
643,3.1561736306467654
644,238.46731557349818
645,67.05194314893959
646,296.6143532416625
647,53.02778045371995
648,221.12312288519638
649,5.9280139745985
650,2.481724453909654
651,6.113396996278946
652,6.388719718265702
653,189.49711285872698
654,3.177850191714998
655,206.10556935569264
656,3.214902306452158
657,283.62458226926583
658,5.572734071655851
659,181.25013774137045
660,5.939161232869685
661,183.45100490287157
662,120.91651545781549
663,4.744510173398766
664,3.56139480160206
665,236.24472318896298
666,28.161341720167037
667,260.4172187222827
668,2.521505612088089
669,3.90259059807186
670,44.30299102524532
671,31.15638230565329
672,25.99142943579843
673,20.604825798432877
674,3.6432613294451874
675,3.198467495605975
676,5.882257314032437
677,3.890574985554073
678,249.2708648183396
679,3.416810106436196
680,5.897076518409294
681,5.4071126358353085
682,5.255745968487926
683,42.07599413810854
684,27.05192142193674
685,144.91996421687338
686,-30.66788094768553
687,6.258632136312032
688,4.115279685517117
689,21.20341322246995
690,163.0078703554398
691,2.595819575745366
692,3.2749212348367767
693,189.28255281647162
694,241.05070109750403
695,318.4815462939439
696,-53.79076094030027
697,149.43079668731357
698,272.03994888771837
699,62.75024623955815
700,3.0273891013725778
701,6.881979196367093
702,263.68778704188935
703,101.54350671512873
704,175.5060141622486
705,88.53840925493266
706,306.4230091919709
707,149.7743254676233
708,2.8957976475054963
709,180.82867156353225
710,58.866755188936274
711,4.814364333457186
712,59.797687672942
713,155.7880152505147
714,40.828981264669174
715,378.8069536684406
716,380.69746673463
717,3.239176699758775
718,3.067435728582326
719,2.6951806233065967
720,2.583589804936329
721,2.587046663499832
722,140.69135126557205
723,6.20138231185644
724,3.6805859135670778
725,5.99507741158188
726,241.5530078675279
727,5.897645216493783
728,26.893690045959104
729,182.46804841143074
730,354.9395997359666
731,5.718021329776121
732,22.9972074670453
733,255.6531854447381
734,6.501513129023621
735,2.659773672195257
736,152.9740683959355
737,4.823558567453054
738,-78.78252659146075
739,254.39151216805453
740,106.977767649105
741,15.105292776493833
742,252.43990257544115
743,77.96381295287888
744,3.7249829379981607
745,64.03526346139763
746,286.8768987444423
747,138.0525127930478
748,117.32439546597881
749,4.122931932150705
750,274.08563650913726
751,5.268061747574942
752,246.86420244397462
753,2.43142218081349
754,6.4508571228575216
755,2.5645895038090134
756,134.8759512418568
757,277.2446060911232
758,60.500465578461416
759,180.66992418513277
760,281.974220031708
761,3.3370502517001674
762,4.178108473724749
763,4.660330299829894
764,5.9138575229596455
765,206.47310549608173
766,182.55504682460784
767,92.17483205666844
768,244.60159426643088
769,3.607382981129666
770,255.94800869349868
771,43.34611215326016
772,97.12315678880552
773,229.67110597962358
774,153.4160899293627
775,-28.63723430372273
776,5.102421226911241
777,24.06022070448972
778,250.85953930547672
779,56.77788818276076
780,4.939661646716129
781,101.96349528539797
782,4.389904178700992
783,117.92160996643814
784,23.633760697975735
785,81.9552722778128
786,1.726269164932599
787,141.62130513022504
788,5.9005392167088315
789,253.45919312302323
790,141.44357298541462
791,-12.710252401094545
792,137.70691909946854
793,180.71991073734264
794,175.66315742129316
795,295.78010952507196
796,-8.015806740281857
797,92.37816465629464
798,107.44493273167912
799,5.760680874052077
800,237.7997711057709
801,125.33585442461305
802,105.23357438303998
803,2.590184036858763
804,125.2706432216496
805,-58.71552773878774
806,321.7801489820027
807,148.38784183023438
808,230.32928946690717
809,299.7516177901198
810,186.5651729284701
811,4.908534583287131
812,20.315698735939012
813,283.00215810558626
814,119.12630701769481
815,210.97182220147755
816,5.809846463270063
817,71.68518031807406
818,56.86145032592533
819,39.48048784204538
820,4.754725883783007
821,260.7586383373933
822,6.748080508942151
823,5.3040362383888295
824,104.20323264050873
825,106.18495037779172
826,79.084839538381
827,273.09065807806905
828,3.3973178515269336
829,139.06209159680787
830,107.60035651491947
831,-27.029711806570333
832,64.00068304339825
833,39.872299381505634
834,61.48843980639508
835,6.515882734057445
836,-35.23674225210165
837,3.061059263107156
838,113.85574603264564
839,5.620661103832604
840,99.73869938878217
841,99.46087225031968
842,180.31610643560458
843,-30.40591353325402
844,118.20635767755809
845,5.722393173324477
846,195.11244455431688
847,357.7171426176812
848,327.2746968197079
849,267.2499857614164
850,281.4760799814241
851,128.43073792524996
852,113.37024637809124
853,231.89453023486357
854,3.1485015172314763
855,244.03891962777644
856,27.44166648053939
857,185.99663399090602
858,148.57534040443576
859,192.66480905281705
860,139.3796370567485
861,2.454327345391242
862,51.068898038557755
863,78.37329293351895
864,3.7382695688293386
865,5.859964268448857
866,6.608328866663029
867,160.2872731350546
868,-53.525414870261876
869,3.6568189417781563
870,177.81377102288366
871,377.2694863715395
872,26.21721784007667
873,261.56227205272046
874,29.362266317981415
875,80.2237229986406
876,274.6657015631705
877,230.01346188329902
878,4.086880750183965
879,211.41721066271322
880,134.77798133951623
881,5.9084700695525125
882,196.06756485028453
883,199.4059595624412
884,2.652687759746029
885,292.936761156562
886,51.61262585175604
887,2.7045348156016646
888,5.458126523149409
889,245.3866156369061
890,49.22015558920695
891,24.52204169019949
892,224.19758193280344
893,163.61626990790126
894,-40.00009620993483
895,343.84784387511434
896,98.07129732228688
897,201.4644266833993
898,3.4597174387715066
899,51.775040561144806
900,-55.68952891099109
901,341.4143305117489
902,6.408973487632759
903,4.39947847551821
904,5.798830680785646
905,269.6431757205795
906,210.22112529495666
907,196.7295015432379
908,15.476374886702658
909,4.872924350443502
910,5.897293975677016
911,237.601313681153
912,4.104400574303752
913,6.451990855836482
914,48.053815834202624
915,5.978496242224562
916,2.919976381016089
917,211.91454708718817
918,265.6482405090112
919,46.833874371622095
920,114.67208874501759
921,113.3510682100957
922,4.376359647110108
923,112.96382056067097
924,-13.590564945518725
925,205.4980908061135
926,6.6912047264703745
927,68.46011904361939
928,4.25962359483379
929,111.63103368484741
930,312.37782251889024
931,254.9918102238597
932,239.1790490942857
933,164.72854385261724
934,89.3043760734579
935,3.162778598800589
936,5.81687036468798
937,95.91712200658993
938,289.87500912875356
939,111.34218251363413
940,144.19729953027948
941,4.6772420688462795
942,5.219365138029795
943,5.559175372127047
944,80.88042660220515
945,261.00420297651704
946,267.8441073316589
947,285.9788932415908
948,4.309028063102906
949,-68.91558416871572
950,3.8545410688225976
951,93.07175638721804
952,161.407030294849
953,200.75017045461868
954,152.9930746227724
955,3.8172945923760397
956,6.4563089030904575
957,30.12058890428883
958,181.4003869617132
959,224.3013210899527
960,232.9412599537655
961,5.563918552988732
962,6.571887705917319
963,6.4380962453036
964,3.762217211266691
965,241.4080590194115
966,51.79421882085292
967,5.955658865580788
968,46.05420943117449
969,128.16080894855457
970,220.79214443367965
971,215.85529972801885
972,135.9697812253443
973,5.080220517303962
974,258.7175176697976
975,121.12021047113835
976,5.521480910527528
977,-22.466950992513077
978,4.717530497117243
979,49.062923457582365
980,108.68638350455063
981,3.457740655519342
982,270.2364780656103
983,56.233275735535464
984,163.14303014108248
985,60.09346461713632
986,226.5071372836079
987,131.75220028630528
988,4.273610638883343
989,74.63226309053206
990,16.92259069717848
991,-95.0354009504133
992,18.48211656660107
993,102.46159652923718
994,5.890619511550115
995,83.56160394898588
996,4.824205616067849
997,-43.28442651824951
998,347.12500927856763
999,234.82902362264971
1000,84.84088780881243
1001,14.60051061872666
1002,327.2180183188991
1003,3.541463043804365
1004,61.25834201025575
1005,297.9297289571605
1006,4.842795742459625
1007,108.60630367195805
1008,131.90045739462732
1009,27.697258525235107
1010,4.978111296521703
1011,242.57910880322365
1012,59.14264091729153
1013,5.822382303553466
1014,244.37590259222813
1015,261.6372318937205
1016,276.3037509430046
1017,260.5461188845637
1018,266.89506442673064
1019,210.1709975917003
1020,3.148563979366668
1021,4.411601004161465
1022,4.187309926381445
1023,29.89306781493272
1024,5.882023303217105
1025,3.4226452139428742
1026,210.81588386670626
1027,83.05883293550939
1028,181.17895033372676
1029,182.46804841143074
1030,76.07270447458279
1031,9.03375738981477
1032,5.911233985919643
1033,2.904575254490797
1034,48.27870422555832
1035,317.25381099824926
1036,5.516817940566073
1037,3.7116675008455036
1038,33.965446069042805
1039,65.48538135451811
1040,290.3000028540546
1041,316.8627822577276
1042,141.85453091509765
1043,4.746580224555369
1044,92.53712894601139
1045,6.916536008103065
1046,4.341513152536523
1047,275.7786536331183
1048,6.574181390686021
1049,279.0198440930453
1050,268.037206113997
1051,31.782620199516387
1052,292.50900823891214
1053,2.8742639612173755
1054,-63.106723918523315
1055,3.881452712479507
1056,204.93557002436847
1057,6.466523777576564
1058,231.6124787616766
1059,5.691491826046764
1060,7.114680915707717
1061,70.3020308149741
1062,65.02679419040291
1063,4.8565671638758
1064,53.03817324762368
1065,177.34890054539758
1066,40.97031073449219
1067,8.467402849370657
1068,141.13915713266346
1069,4.890808735360481
1070,152.793345909263
1071,62.22176196521415
1072,3.063972701426519
1073,196.23882046111996
1074,117.01475471887828
1075,143.95630012217586
1076,237.42826364037373
1077,5.636656031002238
1078,58.54831401297149
1079,92.95620013613797
1080,194.06761953227328
1081,211.0185558197092
1082,137.79398581404988
1083,5.0018771781744045
1084,217.07366278077367
1085,78.94603618547546
1086,177.24229754545848
1087,170.80677788817079
1088,76.85398814779448
1089,160.58138630022918
1090,157.88538691156225
1091,319.95220609534323
1092,51.70274409323882
1093,219.43269415858333
1094,3.1343911851669275
1095,318.8760333855049
1096,27.187419154204647
1097,68.33382793576375
1098,5.956925697270011
1099,178.78574055958603
1100,320.34516612732654
1101,-37.52137090505944
1102,117.8814801763905
1103,257.24253363396514
1104,2.557934453630941
1105,3.4029430700680563
1106,107.75642383570747
1107,3.253658330615681
1108,136.45969925387416
1109,37.39196704119798
1110,145.91168825524124
1111,191.91660006541954
1112,103.05780476887308
1113,141.9623009532267
1114,3.8045110296795093
1115,-22.08328241434312
1116,319.5563214462732
1117,51.21944724868034
1118,3.4272947380416765
1119,6.135433069938137
1120,233.32712258360706
1121,6.155564018803016
1122,-12.709159227745161
1123,26.318155398392705
1124,6.032055495272706
1125,70.63313284413724
1126,234.1353006284634
1127,70.7093807497197
1128,178.00634564328658
1129,20.245332199709697
1130,2.7495475826979914
1131,15.981509687004028
1132,247.35020022240832
1133,187.36599394416274
1134,63.94946475382796
1135,102.43983209599318
1136,6.395969248640025
1137,188.02945331147535
1138,252.89878699287144
1139,196.81668180079603
1140,-23.144087248139954
1141,2.5281649463279163
1142,64.3642868592492
1143,-83.96666014523616
1144,26.101413919101095
1145,239.74246806762122
1146,292.10767611644803
1147,3.274589393199559
1148,3.2140884491782913
1149,4.301176376651521
1150,169.600409363317
1151,5.674164625595207
1152,50.15952333004748
1153,340.16439703113207
1154,3.5858174116021124
1155,262.1108488018875
1156,289.93907870624275
1157,61.755497736782374
1158,4.800926193903254
1159,349.11121868834095
1160,249.85176219381714
1161,4.445229629167887
1162,46.41093533326723
1163,-4.120372591228481
1164,6.21321758726373
1165,6.586907837350411
1166,264.9460697909767
1167,6.530244157538693
1168,7.9023053010537625
1169,28.691290691972636
1170,5.964770186728172
1171,6.064780159130239
1172,249.8290910574828
1173,269.5267671513058
1174,50.53553493266002
1175,5.015306825907624
1176,4.065111274252841
1177,270.2342538336265
1178,-36.6604581945992
1179,233.25864909627327
1180,211.50270765809162
1181,56.1942013991214
1182,281.46372403926176
1183,100.67872089843459
1184,2.481871774522503
1185,207.28965848524572
1186,2.7028550480734577
1187,220.81438555367308
1188,311.6385120727918
1189,2.8673286620456913
1190,13.98150614610095
1191,282.38951223786523
1192,-2.423972655681323
1193,68.99053990884131
1194,6.621385912517379
1195,222.35876639704225
1196,242.30753322709108
1197,4.878863300239272
1198,257.4734036845044
1199,268.41003947473973
1200,5.166026973338984
1201,210.3529397355174
1202,-18.978774417496094
1203,39.79043504794207
1204,241.71224154728338
1205,5.665305721934271
1206,203.52506014263952
1207,129.97194501761345
1208,24.290740012545307
1209,2.5048608877911915
1210,2.9044758735533263
1211,5.826133561837036
1212,194.90060958752147
1213,266.60286281841235
1214,69.51989413733861
1215,220.88351289013966
1216,186.4890986563596
1217,307.8422741277976
1218,272.868309827634
1219,3.1349754161254415
1220,3.843494639812238
1221,6.589815374358865
1222,4.010158356971495
1223,217.53219764002498
1224,97.87098673966061
1225,64.81498135329399
1226,6.009314802775911
1227,16.79628901892936
1228,220.52528998738532
1229,376.1776274009229
1230,256.2576997254391
1231,49.579299267386794
1232,-58.789013632132026
1233,253.58830463046877
1234,138.90082000898764
1235,4.656549831254658
1236,3.2594903859214606
1237,152.03799097068293
1238,46.47577907014281
1239,5.920353639100193
1240,184.89702662528924
1241,47.12326142382356
1242,4.075126298097644
1243,32.88311736761798
1244,152.11344298691714
1245,364.6487152800772
1246,88.66922237429675
1247,47.81788950092982
1248,47.07964776093576
1249,2.894771944083935
1250,81.98216866697518
1251,5.117776166318415
1252,201.4130611567384
1253,3.021517563233343
1254,247.25788796125676
1255,4.379667730634596
1256,55.54358279845145
1257,78.7454168555227
1258,298.0590247351261
1259,242.01906661198217
1260,384.2781145050936
1261,2.935976471633758
1262,15.428125402649322
1263,25.998454329092368
1264,74.53281793820321
1265,6.675402189480838
1266,23.61809928278722
1267,169.57749351260634
1268,27.989692084451725
1269,5.380098446664601
1270,3.7699469090371243
1271,65.06399535449847
1272,89.89500618277485
1273,376.9693952089159
1274,62.15135783637368
1275,59.339815118570385
1276,315.32188871264674
1277,193.25193266195055
1278,5.570433353489217
1279,223.25358221898108
1280,3.683841339815419
1281,3.720298918279135
1282,46.439726655810134
1283,136.57026586248926
1284,3.5302241208238856
1285,228.75902860513068
1286,-30.89766688577349
1287,261.7683072131458
1288,241.85281257509178
1289,98.635664775784
1290,6.024745710937936
1291,3.4864115970933898
1292,143.25725655227492
1293,252.93402441618338
1294,192.45427201530322
1295,97.74559863554265
1296,208.00519637842925
1297,5.353968844754874
1298,54.484792504550114
1299,3.5905688047221656
1300,2.3060191312674494
1301,111.38669302947488
1302,316.6730002107868
1303,184.24726760088473
1304,5.601214968586404
1305,3.3306998374603713
1306,6.59017470963788
1307,205.02666264418517
1308,221.21741091210163
1309,106.11471215214243
1310,26.289511873078506
1311,19.54546941017848
1312,5.781895944559982
1313,5.685207365858328
1314,212.39454467408237
1315,53.23095391041762
1316,2.567190547748949
1317,3.963757985052235
1318,6.349810527498398
1319,229.98052156911677
1320,3.604488259178086
1321,6.673674383375418
1322,3.3435567338707495
1323,149.25708177536086
1324,1.5525172991462046
1325,0.3864136398250414
1326,18.318381098142325
1327,2.455150859922015
1328,296.11936927858494
1329,34.782330445695514
1330,3.5995764680453566
1331,4.855653089386851
1332,3.1760574972236215
1333,3.124909979632654
1334,24.19983136106698
1335,215.28030920531106
1336,2.627131526823445
1337,189.35519781580732
1338,7.001815602881225
1339,29.977362031317696
1340,3.1759307856738546
1341,77.41283623823605
1342,79.12328832337417
1343,175.44843763970297
1344,177.82525123391136
1345,8.908000587486194
1346,189.3867035384196
1347,58.442307974398965
1348,291.4916941546655
1349,6.590611329692241
1350,153.8745604923539
1351,239.445261452068
1352,154.01519005497244
1353,105.4597130592298
1354,-30.952237950436476
1355,255.69993969906199
1356,271.4425424848582
1357,70.67446710086912
1358,16.565849367010077
1359,4.773560488558583
1360,5.612373176366755
1361,5.851666820074196
1362,4.936460693152014
1363,-21.12307145706332
1364,74.06884583942629
1365,253.6609355555139
1366,300.40959675751674
1367,87.22108927561507
1368,6.371432295051032
1369,119.4437235624881
1370,6.646406985937225
1371,3.6321672462921044
1372,15.184421048151952
1373,181.25614467248977
1374,68.92286494916306
1375,52.103244897339394
1376,190.25880285162378
1377,205.4095312875564
1378,61.930759783627664
1379,278.1741851756147
1380,2.207899468467303
1381,5.2697191506595145
1382,50.907175983618636
1383,2.1423454635404284
1384,368.80071588303593
1385,25.08070706860428
1386,6.562705419923313
1387,61.89813127421951
1388,240.3764514568411
1389,5.900929070132528
1390,294.14780776525134
1391,6.270734300511239
1392,30.17954870871
1393,45.432661349876724
1394,3.983593840308947
1395,196.28286079585234
1396,4.099869609504149
1397,219.19593169414037
1398,69.50907114909445
1399,50.647375161776026
1400,6.508343510534075
1401,171.12069841461673
1402,47.7175755522154
1403,89.75382883094015
1404,35.89473322871113
1405,6.411814698614433
1406,4.785114425081572
1407,228.8161011791378
1408,46.17416153801485
1409,238.46826928757537
1410,3.7301188414180815
1411,203.2286540915488
1412,2.466285199167621
1413,4.756532846193811
1414,235.04128604305134
1415,176.00771422826864
1416,107.8051425898657
1417,182.13547475302607
1418,206.05214770821178
1419,4.251600357531542
1420,2.4485513048567236
1421,141.40263360592817
1422,5.271878181487261
1423,119.85416570524583
1424,142.13528175073378
1425,90.99047538779372
1426,-15.081919139790221
1427,2.213996711066377
1428,220.49551120070555
1429,305.05559817196263
1430,5.909772656166719
1431,79.84401533929352
1432,356.2116650953016
1433,-50.068073341476754
1434,242.95009153382256
1435,120.25373151690924
1436,228.2265315537314
1437,56.646546742190004
1438,-46.847627872383974
1439,272.0811748443851
1440,70.61944974859122
1441,134.13527306845927
1442,33.57306657306982
1443,51.2820193389439
1444,241.25645487821487
1445,73.23725668550935
1446,-2.32276226488845
1447,56.386094914564616
1448,154.06533249313532
1449,6.661902825674534
1450,6.239426849002584
1451,4.507804523602045
1452,118.06384919986695
1453,31.111197851696772
1454,4.131654400290039
1455,100.91798088820136
1456,163.86941713588809
1457,26.303197653949102
1458,5.180607172325725
1459,3.4568200871149948
1460,2.7238956192044577
1461,302.7261927898106
1462,22.793957283571288
1463,52.50292280791874
1464,6.048150690857221
1465,-34.971412735715695
1466,8.493585834271896
1467,-54.6979549641535
1468,127.8150410663892
1469,214.52473752005798
1470,154.95627294420154
1471,208.94590096165
1472,229.5457498727496
1473,6.687109562239453
1474,206.50968916133374
1475,70.88400978729871
1476,3.965222383867158
1477,236.7247717192541
1478,109.16961070482007
1479,5.89718698645524
1480,2.785302127339432
1481,192.3796574031503
1482,47.04550935232436
1483,160.70042221743597
1484,34.66249329825403
1485,3.93785389347471
1486,187.09352694849596
1487,52.95114491422338
1488,121.39546794009192
1489,77.20743553880897
1490,180.7686279958769
1491,237.7964762855516
1492,22.061397035287516
1493,326.33918931189925
1494,18.22328469719353
1495,-4.1348448557557385
1496,9.833941762325784
1497,60.93229631479201
1498,3.269734745609228
1499,47.47563117243055
1500,302.84842833620996
1501,4.562152700484763
1502,3.6502368694319847
1503,124.25087092975114
1504,3.7013586500667053
1505,105.0799206375769
1506,363.40349467838064
1507,165.5484627620754
1508,59.907991404924644
1509,3.264031076933468
1510,61.190737462313045
1511,219.28652430468884
1512,3.8598597770723937
1513,3.5542896876611807
1514,54.39371372167689
1515,3.6744322945176497
1516,110.62549792466396
1517,181.25721447692882
1518,2.284554368530287
1519,-51.76730953700994
1520,349.05015751278944
1521,4.9426615614725975
1522,2.7274978972713786
1523,31.755542898128994
1524,34.09756980807314
1525,285.477744847843
1526,55.06611575856507
1527,124.47585898192862
1528,5.623760766875258
1529,3.723256535397762
1530,58.87029734857096
1531,6.409598767263117
1532,119.19290133333156
1533,6.546881476129228
1534,164.16056212557547
1535,152.75620575286848
1536,-22.233338202677608
1537,69.01673554624708
1538,218.39875423416078
1539,73.54162766225619
1540,106.44237714215025
1541,65.01978123567596
1542,3.0836683598647006
1543,1.478607498915922
1544,64.88984736447715
1545,171.75262367148508
1546,263.1804194293157
1547,5.3658335721874195
1548,1.6652145393311142
1549,131.76480363492433
1550,5.215097379525429
1551,79.4564264464105
1552,3.30090493560038
1553,45.624751074177475
1554,204.65587872013694
1555,140.0131161509999
1556,76.6067042421492
1557,-47.810204654952194
1558,5.762346822016723
1559,4.591446478415483
1560,15.694730960933345
1561,86.74877556537247
1562,225.50687863984453
1563,129.33435158666117
1564,3.26567582881003
1565,231.01540236936918
1566,255.69777947943845
1567,283.741062208412
1568,6.508370767441092
1569,323.92858047725275
1570,3.132373733777985
1571,314.5967924267221
1572,5.83270947762476
1573,3.6508702676284854
1574,172.68773274811474
1575,55.24084832265049
1576,236.93627403549692
1577,173.57493259809155
1578,-4.4313211800063295
1579,130.11159741574613
1580,69.6050796416457
1581,81.63663263069714
1582,-52.56651221856776
1583,3.0195504060298397
1584,203.8796527929769
1585,34.32442648753481
1586,6.9846446645084574
1587,58.83533632864827
1588,142.97741427878134
1589,206.78033059128012
1590,47.08913441823334
1591,6.526445349638034
1592,6.600290289851125
1593,4.12752698199871
1594,115.38077861253844
1595,2.9523257401472405
1596,107.04794228838303
1597,4.848971769386143
1598,189.53246731562558
1599,52.577699292565704
1600,5.988889145046623
1601,6.312895142557043
1602,-6.129947852131873
1603,67.2028305032485
1604,62.09516214773236
1605,2.8352247241382327
1606,56.27425308478139
1607,60.798221908410575
1608,6.505211572652043
1609,92.96553735979772
1610,4.630392587699596
1611,5.824048089203937
1612,220.8605357674174
1613,293.40249856794105
1614,332.29303170747187
1615,236.07619926964514
1616,3.334078155326473
1617,135.62562325429636
1618,127.87912957783973
1619,317.7547546639374
1620,64.15506958411152
1621,166.33371856345923
1622,3.375081296327188
1623,25.870096372903923
1624,-54.21984585603766
1625,215.7704944884644
1626,267.2603610368986
1627,85.89715893784846
1628,39.504133801843224
1629,28.96817775530432
1630,6.573944622793656
1631,20.79779468657343
1632,4.762747422756838
1633,73.66582492081373
1634,209.85175213156003
1635,3.235552152000469
1636,2.409922940058652
1637,6.075508846379058
1638,232.6117829888208
1639,4.422705630829064
1640,-31.78491434981857
1641,5.54842042549149
1642,6.608029397905296
1643,3.0917953791296524
1644,3.07633015650801
1645,54.33214456137535
1646,245.26564317713505
1647,196.9877759201682
1648,44.674631250878654
1649,152.88995476119933
1650,3.1229887229732487
1651,4.769306737453451
1652,2.1176038524972287
1653,113.70271979510161
1654,85.93438345111761
1655,31.75776746444303
1656,298.70079857992954
1657,5.883257452517659
1658,76.73029013735989
1659,3.118610865081255
1660,-6.569297949283568
1661,5.815920118796965
1662,5.343265809269953
1663,49.59662376395676
1664,144.79866292724574
1665,145.2438977919789
1666,177.4671452417768
1667,5.513888532442915
1668,-56.523715804501435
1669,6.464390870703557
1670,220.57104029017435
1671,346.56692430004824
1672,265.40155793503
1673,3.989109068748584
1674,5.723703246924356
1675,7.687134471712323
1676,2.5290708852766137
1677,112.57251244043354
1678,74.93485400079099
1679,3.353954650048204
1680,3.8104086478522166
1681,3.183657372388865
1682,287.3779546759435
1683,2.546074527723482
1684,6.263964155534321
1685,83.4544665027325
1686,182.96668381207505
1687,268.3793341330585
1688,72.42370058523015
1689,227.39650654485328
1690,265.1428173746151
1691,6.0278373944426535
1692,4.015527688516149
1693,3.360689733631966
1694,3.695089788182042
1695,6.079232778263385
1696,157.08660378723272
1697,61.59761406790858
1698,97.63994222889691
1699,78.88881944230786
1700,19.62072148347465
1701,5.878133945904518
1702,127.58723619853941
1703,11.243718425968316
1704,47.35223139010826
1705,110.15914300093611
1706,4.441697629104577
1707,97.23498181698126
1708,2.952047414735043
1709,76.55521300449904
1710,415.8833406512374
1711,3.2863406286469794
1712,147.97350957695963
1713,4.488032456781041
1714,6.4260596109308254
1715,203.89486280599579
1716,133.51420816349992
1717,126.62562617198688
1718,78.14285189586485
1719,299.7211283652661
1720,73.29823578710477
1721,-31.49069628072261
1722,296.7607882404046
1723,308.8753057439092
1724,114.85335133291814
1725,6.04347234770608
1726,-29.401720936167408
1727,3.3986408750821706
1728,81.75008867369823
1729,5.822722780298389
1730,30.219146511344405
1731,101.13282559141642
1732,49.294758641165856
1733,315.42475190099884
1734,1.963096865485324
1735,155.69967069243006
1736,249.2034434711795
1737,6.272187655309405
1738,163.72485585957725
1739,75.06974816848077
1740,45.2705597843398
1741,46.29601288364228
1742,101.6788416105595
1743,6.422059257353991
1744,4.382129125151364
1745,3.949453867924828
1746,69.91297841976584
1747,36.28978414516088
1748,40.51500630720438
1749,276.1586215964946
1750,3.632050218738291
1751,213.21229936279497
1752,57.06142203039982
1753,42.76606218692136
1754,4.235651525892273
1755,98.00013385026458
1756,99.35471105710462
1757,46.95253772659286
1758,3.9311403173805117
1759,3.1377909722139603
1760,2.4003697874255923
1761,139.02745790477027
1762,3.715520820417721
1763,1.960722803328329
1764,264.19735231104386
1765,120.19161618423948
1766,123.50866580484598
1767,90.03107049653293
1768,3.7175730819468784
1769,58.78772612544969
1770,34.92188085203076
1771,6.66075042979874
1772,257.1992773448393
1773,4.672880489404876
1774,5.319751404746186
1775,323.50704106987973
1776,4.251916568617744
1777,315.827988165325
1778,2.961910300761535
1779,204.32006855110833
1780,270.2275610035041
1781,106.04087542882094
1782,263.2195941192077
1783,111.29856354754011
1784,109.88013223205886
1785,1.388363580446689
1786,140.93209464168137
1787,137.42769273824658
1788,7.071136433516407
1789,-40.9695261781681
1790,6.264068731882556
1791,46.39161533348311
1792,257.3968688161246
1793,2.6316253661074582
1794,5.913107335554728
1795,65.56929399041152
1796,-28.64129554276654
1797,113.18743663251543
1798,5.576065800028405
1799,74.92272297311253
1800,115.38376720898503
1801,4.7509645164647365
1802,103.22380480434461
1803,267.48163892427186
1804,91.84124262616426
1805,5.878305913969064
1806,-10.333746760833371
1807,4.2300685182577205
1808,-69.81562888498837
1809,2.058472693865756
1810,6.5304683507674905
1811,3.918017706009381
1812,125.9546849954101
1813,151.68979468185498
1814,268.68614122506426
1815,241.27870207866502
1816,100.31859883029242
1817,189.41321141342937
1818,114.42111005740797
1819,5.721007839658015
1820,214.67976022571207
1821,207.70661818309048
1822,3.041481989162139
1823,5.6133781402558744
1824,2.050455451683984
1825,46.851358897210474
1826,231.42454875815784
1827,299.1298657334582
1828,3.294806851599722
1829,60.61615001033208
1830,90.55636724011455
1831,113.39533327477388
1832,-9.5679804637565
1833,56.636919319047735
1834,145.0349030483232
1835,218.34740465109135
1836,276.8503809412045
1837,253.4061948339243
1838,171.1068055365904
1839,57.49767090606479
1840,65.0129007210327
1841,112.37797775261166
1842,196.45287755471853
1843,111.6022847598899
1844,2.1699433294344415
1845,6.2854313497644645
1846,3.6411472744101134
1847,159.85902894860084
1848,152.81864103022565
1849,58.5042815935238
1850,4.598104570955047
1851,253.65041766373807
1852,327.4756177090873
1853,5.812037447582258
1854,126.6094514975869
1855,251.8412688519799
1856,119.75483509784642
1857,288.3358815238096
1858,93.1408902609546
1859,6.29143565300254
1860,37.46431620760563
1861,187.64846177053326
1862,2.7673792962223587
1863,203.32091950757737
1864,2.9282250241715295
1865,101.80667892632857
1866,216.00915297017588
1867,2.357831027200049
1868,263.67143106365205
1869,34.95576723780941
1870,47.17433293239455
1871,6.2107809386444055
1872,199.37446139551776
1873,146.09492682134106
1874,230.74365514023907
1875,2.1536236534595856
1876,2.234504957945942
1877,233.96061529911788
1878,120.24190394232792
1879,203.84587678831974
1880,140.20034243891413
1881,2.473239355166616
1882,262.48773183481467
1883,2.944847987928003
1884,-45.331069685168906
1885,221.68602212136526
1886,6.634882111998021
1887,124.15777328733503
1888,167.40978462543092
1889,2.4822971695105003
1890,3.0446279803625402
1891,237.22516213517287
1892,2.470950544831534
1893,136.85576665668836
1894,5.859964268448857
1895,12.322892378142068
1896,274.17005228591324
1897,250.73855788726516
1898,28.70002148167727
1899,5.698427033022922
1900,6.694223587727624
1901,270.1381057369325
1902,172.59317031179532
1903,280.6924172171215
1904,-26.121552623470983
1905,-29.56714200764465
1906,275.9584308649503
1907,3.0435641669595075
1908,17.68114031100237
1909,254.27697634371535
1910,5.952748702336571
1911,2.6680873147637825
1912,263.6955914353073
1913,205.45607735929303
1914,156.37754662160492
1915,7.3423967014981315
1916,5.180375214575686
1917,161.5577555309122
1918,238.998486367895
1919,20.61340907847132
1920,84.59222417018078
1921,83.92046388387598
1922,222.5941911296907
1923,82.96617038961797
1924,4.676914396192385
1925,106.3105454913988
1926,6.432604463878549
1927,106.02723169148055
1928,6.191712155294971
1929,111.85144742604157
1930,168.92707225393278
1931,5.6062240426803225
1932,-31.107206252014848
1933,3.307239073380029
1934,76.83918299076367
1935,234.07380884880072
1936,94.63923774496368
1937,86.66883588995528
1938,64.35865433306667
1939,287.8759234098039
1940,308.74255519999923
1941,112.10714693202054
1942,216.49483549728282
1943,3.9239874354276294
1944,229.35844729389063
1945,-6.97003764365077
1946,265.8069864668011
1947,301.14378273544963
1948,149.6668750300209
1949,314.9405377136409
1950,3.55751871273924
1951,6.370559072164304
1952,121.65211498765734
1953,5.519506327574008
1954,321.01827991860335
1955,1.8351328596084309
1956,4.374002097608027
1957,5.811620567777247
1958,71.9009371816865
1959,4.1112291653041355
1960,258.4935606897653
1961,-50.27018666325921
1962,6.130317082028697
1963,48.701601450172404
1964,78.68111291475063
1965,13.852496917301533
1966,237.12452625745996
1967,56.028189076076444
1968,142.61541973855748
1969,87.57857489430405
1970,300.4231246648595
1971,120.88344230021565
1972,118.30923568610619
1973,1.889821496301404
1974,366.67814121321453
1975,26.689559734787192
1976,4.16239721734294
1977,43.0527396878369
1978,6.345600411033906
1979,2.8524341037022034
1980,-54.35673961845557
1981,5.886432368554009
1982,11.748127495391477
1983,123.70573069572197
1984,49.02216244139814
1985,2.663235611445311
1986,3.04448172813593
1987,185.85612605373544
1988,294.76937426379726
1989,275.57032958907706
1990,5.079198735259386
1991,81.974516288774
1992,36.09679101297204
1993,6.664234969954012
1994,3.097113214269237
1995,317.67732882358644
1996,3.7494023446149947
1997,-13.529850305186827
1998,43.37496945317374
1999,49.898203237622376
2000,146.11028965170823
2001,71.60546023461167
2002,180.51608138098408
2003,6.657932186187244
2004,280.2555947612146
2005,292.33083948623135
2006,5.9255610363116045
2007,8.130237954712468
2008,3.3224399830611264
2009,-5.548965668069459
2010,115.4836428084186
2011,31.00741739927305
2012,4.40454035959287
2013,313.8086740277696
2014,141.05558359205475
2015,5.633690267857192
2016,4.972218241847082
2017,5.826984683725986
2018,2.932618192291424
2019,9.570716388476352
2020,149.77745499357894
2021,364.67755914438874
2022,5.469353756495398
2023,2.610292139448155
2024,5.568513676925177
2025,3.68477259460416
2026,-16.894302513518863
2027,232.04904637694207
2028,3.329382497833582
2029,4.903992425313417
2030,57.888438484836826
2031,3.877426829176825
2032,37.01580286817661
2033,37.56283815777012
2034,6.431060542694693
2035,179.03080825321376
2036,88.17842961578499
2037,202.9376989313838
2038,67.33502520717921
2039,85.0113880504197
2040,105.33609849995379
2041,3.1756476701557195
2042,73.10983314973183
2043,135.83198060753486
2044,72.2948186910439
2045,-16.290120784614533
2046,148.57948184521942
2047,3.095183859157696
2048,341.81535365805223
2049,269.161798771764
2050,275.47416324204886
2051,220.78338994741267
2052,229.35736498845264
2053,6.243586995137265
2054,285.32971368368993
2055,5.678771537082068
2056,5.0339500023202834
2057,44.281944302510944
2058,5.147684404124956
2059,4.953250996143403
2060,111.04957227232156
2061,5.867971603111964
2062,3.319230726953267
2063,3.653921807521049
2064,4.547043755778254
2065,84.39689175298196
2066,85.79162895137672
2067,264.7502681819618
2068,116.53336024321497
2069,238.92744115646533
2070,3.18195033701813
2071,5.774577024379338
2072,156.32589151075544
2073,100.14025736239145
2074,128.98274209757002
2075,153.42635351846846
2076,20.537870443015695
2077,4.495961614544379
2078,4.650293097777629
2079,66.69619761455834
2080,-6.285434364910628
2081,171.50502742971656
2082,91.41409206568972
2083,107.41336799261974
2084,3.921329365451253
2085,140.5367191570306
2086,-1.5855204554555513
2087,135.0498824904523
2088,252.6082039050272
2089,5.297355127973852
2090,234.69828542231903
2091,267.1771051658547
2092,5.285303731417927
2093,5.878497612561795
2094,240.1026704095016
2095,6.634364009762613
2096,-36.514941756212416
2097,106.49049998143646
2098,24.924843439879044
2099,7.98856730862825
2100,0.8667830858638483
2101,301.18252235671093
2102,2.6118541860012066
2103,64.15843430109885
2104,131.0642945620382
2105,3.6960841015029837
2106,88.96877557172263
2107,253.27646372724945
2108,5.250133412535479
2109,152.62296167161327
2110,300.280323213917
2111,109.98713533888912
2112,64.44144449792309
2113,6.4227201045483415
2114,226.58743465024503
2115,53.45747146880981
2116,4.911811638917814
2117,251.85001150977803
2118,4.7747875897231475
2119,6.216337419095412
2120,46.92640256076981
2121,241.60231647788626
2122,5.819054473180852
2123,2.9296568940189873
2124,354.3498061509566
2125,276.82651171181254
2126,213.35059896734182
2127,5.317164654322866
2128,6.380960107323096
2129,148.17524320211663
2130,249.81447938520432
2131,143.74267068513646
2132,3.65585561649708
2133,233.9043785738588
2134,171.2008928930199
2135,2.560436968039124
2136,118.93061905509073
2137,287.09852831724277
2138,97.19656109157759
2139,-16.77136659273341
2140,3.130382809214408
2141,5.766868991539552
2142,5.826870133125817
2143,5.826375263183938
2144,125.97076962640473
2145,321.3059052606797
2146,324.78785755845433
2147,-15.479495875138307
2148,38.55961255111083
2149,282.0044312192386
2150,5.898246302118285
2151,6.054478233759384
2152,307.82776916258393
2153,5.89310033567759
2154,22.451810935739545
2155,28.304431579421685
2156,257.3194591547598
2157,6.09796699636972
2158,111.42669472936309
2159,166.26540444663064
2160,215.8522358426334
2161,5.8774161746344005
2162,2.9991097754853175
2163,168.12679048549285
2164,44.69585981336668
2165,271.78896076975093
2166,4.731305635443746
2167,25.52082236576807
2168,6.342030484409129
2169,179.52748743061161
2170,48.985608264147466
2171,4.801699733824203
2172,186.16169061062834
2173,71.09417800458111
2174,253.01256866314807
2175,5.67289413272833
2176,57.064940257993136
2177,7.840785289496708
2178,-12.704412928757153
2179,3.855955063598901
2180,61.8275885756207
2181,252.35315073468945
2182,82.16487785163721
2183,5.24855626381202
2184,150.2057631038328
2185,5.147684404124956
2186,138.17248618459718
2187,6.818721560308062
2188,5.826180803819525
2189,50.915698039043875
2190,150.17234701693735
2191,37.46576087327574
2192,15.88132702767573
2193,277.411652123794
2194,12.545625802391074
2195,5.692811010638624
2196,325.73840387616065
2197,263.7005731296623
2198,3.9318631033739257
2199,224.02478744734796
2200,2.573412339223794
2201,2.8850478055670896
2202,117.16015841225101
2203,254.91027644830007
2204,201.13143546824384
2205,3.4888875302905147
2206,6.38167110412838
2207,-68.28997721108276
2208,4.248709855900586
2209,70.05328775068125
2210,244.75816750886239
2211,65.31061629479181
2212,10.820303840183474
2213,6.4738287038663
2214,-57.655216813600745
2215,3.483316722452796
2216,103.91851795808662
2217,351.492922442564
2218,230.06688826066045
2219,56.02453633422219
2220,311.67155658235833
2221,6.475113381262631
2222,-52.67011387142481
2223,150.05209602417858
2224,282.4215518449443
2225,237.0340795410076
2226,3.56363607373131
2227,126.34008505956642
2228,163.2398896369782
2229,2.8662254371516562
2230,6.296151020728999
2231,112.75890485986568
2232,73.65908882200819
2233,3.5232414962987564
2234,6.104477634770955
2235,-47.80317002898844
2236,196.61095455757118
2237,366.4461650982381
2238,341.96756387191095
2239,4.600153190132869
2240,91.40610463917234
2241,104.58338336887418
2242,266.55387925053424
2243,233.63917655256236
2244,116.88168747596646
2245,4.7849918176469
2246,6.357435816183176
2247,-55.64976965559364
2248,-11.936376049379401
2249,6.280354157234569
2250,181.68921905132234
2251,-30.790531158551055
2252,3.358741281672472
2253,262.2343694704245
2254,2.944728972592499
2255,223.74719823968928
2256,114.60974767235882
2257,148.69773893735567
2258,148.3852407148689
2259,230.22713127755011
2260,5.407131462881304
2261,5.164723569398905
2262,41.765580091186436
2263,2.665238330384703
2264,-56.72321202067465
2265,5.0594416726882585
2266,278.15961296817227
2267,6.064780159130239
2268,41.81862507223685
2269,2.9371524234981057
2270,78.35764040473622
2271,46.2869568218192
2272,99.8363265524611
2273,182.3987534305514
2274,273.2745382249379
2275,265.069752675286
2276,3.5144635839410516
2277,92.50162517564932
2278,216.06456262720525
2279,3.198946901103131
2280,241.72278099476196
2281,43.581881676883334
2282,13.66720324985473
2283,6.435035953981588
2284,3.1451503253035087
2285,2.4311827248969884
2286,4.879220850553249
2287,3.419476214077403
2288,6.6125302007771785
2289,6.933078093597937
2290,101.61844099769104
2291,267.30134694771556
2292,179.95655082423025
2293,31.05700907016384
2294,52.14160912896789
2295,3.725953746536413
2296,6.46064420809886
2297,4.340120010857507
2298,163.54443675988875
2299,6.037454330187644
2300,88.26978543763377
2301,5.914609091476419
2302,148.03805868535667
2303,123.00526811122545
2304,3.564872189614446
2305,6.427914407038132
2306,69.88164279426341
2307,126.34389833343577
2308,41.374990587843605
2309,21.36792078548211
2310,129.60078679477377
2311,53.95746450374895
2312,4.332652293934228
2313,181.1142218390118
2314,321.72445715859925
2315,-20.2420331235673
2316,2.64879876695728
2317,263.490853336798
2318,3.6058605577044447
2319,119.59067519243699
2320,157.00440520884376
2321,35.8352026091213
2322,237.22886644376825
2323,49.314951526323355
2324,97.55507542055736
2325,5.811596501478348
2326,4.473084118995165
2327,7.585271802122136
2328,4.554869480008334
2329,96.71691791713349
2330,211.13943129248923
2331,5.554971604652114
2332,184.29697941687695
2333,239.36113340757004
2334,49.05110297365842
2335,324.6966496360432
2336,130.02616946330207
2337,2.5176222516979823
2338,202.32135338657883
2339,41.331741382887664
2340,127.36231316289945
2341,316.0246762747613
2342,72.41841107022697
2343,3.220769524036119
2344,-71.17304932080111
2345,171.20683235458543
2346,6.37494844923168
2347,52.53709778421925
2348,4.0998948341755685
2349,159.231348778619
2350,244.85234947323767
2351,3.5684120306338745
2352,5.338980526603759
2353,330.64101094588324
2354,11.542621316247375
2355,4.256789227057381
2356,6.22128868094207
2357,20.075684189547967
2358,109.80948760376818
2359,40.27779566996896
2360,3.069159367603271
2361,212.27087400419225
2362,83.20074880459838
2363,325.67451566764527
2364,40.44762667992853
2365,-80.87863566692081
2366,235.39212418730096
2367,3.3728406466155563
2368,118.0726787810091
2369,3.4454719609224047
2370,5.380670268897816
2371,237.8819025518671
2372,194.01686867870617
2373,2.0093657484050165
2374,21.391444770098122
2375,60.78335041429227
2376,5.045159654831233
2377,5.2535786518442364
2378,5.651771780892085
2379,65.79609111691217
2380,329.6395519266714
2381,242.7781748438669
2382,19.263261355450084
2383,65.79955159499667
2384,5.9428829015730775
2385,117.9647482556573
2386,6.405403432979225
2387,6.5951446393655875
2388,5.572948036405802
2389,84.6770362308245
2390,203.53272541928027
2391,6.331034003162812
2392,6.029241294723817
2393,229.2015101602679
2394,59.235838024140406
2395,2.934130461691125
2396,238.5077114643821
2397,5.3080104016140375
2398,4.271138616148099
2399,22.17882830048324
2400,5.880274567417003
2401,284.2027344276987
2402,223.48236134797932
2403,3.1735516147700076
2404,253.67200844216555
2405,68.72261150724732
2406,5.752718895727768
2407,9.83225643694684
2408,9.322845787266239
2409,3.0125461850085875
2410,121.67906237101869
2411,138.37886397698873
2412,135.31107458920104
2413,5.732416212272153
2414,115.48751772147763
2415,47.674310889743744
2416,75.71095031082245
2417,282.9172881733184
2418,197.1857549085482
2419,3.015530751298497
2420,-6.383850934823805
2421,3.1429165306306777
2422,245.57732984207692
2423,-27.543513282918664
2424,93.5451248282757
2425,150.43202278280788
2426,6.397545369009692
2427,5.609929661189038
2428,4.166856511235838
2429,284.2147174461419
2430,191.34286009244212
2431,83.93210804815025
2432,5.596471873715657
2433,16.149064748565603
2434,3.799047769147962
2435,256.0302704600944
2436,102.78168247902923
2437,163.08939593436222
2438,360.53059037053026
2439,139.45760262480428
2440,73.42913183841286
2441,112.50214886776924
2442,2.5384483534074884
2443,3.202617743357234
2444,45.59456311982773
2445,267.73876782666383
2446,4.232228783003152
2447,208.83456600590708
2448,2.877337771265688
2449,141.1416510014293
2450,315.99518307051085
2451,147.9330031788391
2452,87.24713688779023
2453,-26.425036005552247
2454,225.57581110058885
2455,196.88664264844965
2456,-56.76417184355613
2457,63.46252764687865
2458,-29.25927232841027
2459,73.64765365505318
2460,26.89028167194633
2461,6.079313148402159
2462,63.845572526708565
2463,231.23850319169802
2464,3.1603982295819586
2465,-30.346873967030962
2466,4.44406955977753
2467,19.818042916730995
2468,296.36416905293913
2469,6.138453072071985
2470,16.79628901892936
2471,3.120015937768433
2472,193.6715758700052
2473,130.44546288745522
2474,2.652455768318065
2475,75.64019864997476
2476,6.981004107861456
2477,204.28220092046183
2478,3.795341342955099
2479,3.5524683440239246
2480,292.0075455712281
2481,6.5310623195868445
2482,73.61464755917272
2483,6.472430220336681
2484,3.405591903015684
2485,98.62419029187507
2486,185.25413074425288
2487,81.65317775957791
2488,6.6751560723478
2489,3.988182837694838
2490,53.63341962308006
2491,205.53374256975982
2492,2.433432772302042
2493,229.8585793002477
2494,93.11040408210201
2495,235.52335310843003
2496,41.685402359731604
2497,109.36254471398419
2498,286.69201229167896
2499,106.38056564411279
2500,192.38147335461198
2501,7.05718553667253
2502,210.77940806332097
2503,111.12151674133945
2504,6.0755740555037825
2505,225.9060763274452
2506,33.97542061179003
2507,45.60117755366937
2508,275.1093657627846
2509,103.54882195958163
2510,115.1073369899916
2511,6.064117595895335
2512,65.93352959011277
2513,3.3585572751574886
2514,5.808908613285953
2515,5.832468796346554
2516,161.83096633267493
2517,6.965698912896882
2518,2.7837496823116576
2519,6.148830523082735
2520,50.555292298258074
2521,180.46856523397696
2522,18.30885576765042
2523,3.613137706104487
2524,236.0074324653884
2525,271.15769825416584
2526,205.13752848408998
2527,69.45229957210562
2528,351.1776295380061
2529,175.5187593119327
2530,2.939348989787528
2531,238.9588731096734
2532,2.9943653498460927
2533,43.32590396420171
2534,22.831417705137614
2535,2.358567925325123
2536,168.11171723874864
2537,-10.566709655863074
2538,251.7060335900901
2539,246.70987029145357
2540,170.42240048437793
2541,204.08433663301227
2542,4.644825153522036
2543,264.88190710583024
2544,152.42815654145184
2545,2.8316793039174413
2546,12.798736553088004
2547,141.1104956914186
2548,4.93285181096
2549,231.6337028582988
2550,4.951461682461918
2551,325.67451566764527
2552,2.1678429465421147
2553,264.8717738447252
2554,66.27136844359391
2555,303.22883176876815
2556,6.163404409107006
2557,126.96155259367873
2558,139.89201182071554
2559,-48.123168849236045
2560,240.08418127650071
2561,36.010816010643616
2562,149.56812032932885
2563,-31.2631591161553
2564,120.15433164808574
2565,3.965077605282124
2566,2.444849965982129
2567,321.04041754974645
2568,6.292250788335085
2569,7.524661325910091
2570,78.54287707331268
2571,160.2516176439877
2572,73.15680565312131
2573,170.95207270376534
2574,198.852904837095
2575,178.04500083074265
2576,260.64719081907657
2577,32.16019408080071
2578,275.02655326857126
2579,61.643716115972175
2580,18.771092656832227
2581,3.2271344810298417
2582,3.3190468364445143
2583,256.87258536312993
2584,8.690430841937415
2585,-26.489072589612285
2586,-13.797300471860353
2587,3.787497050030198
2588,3.1684885653493224
2589,252.9565795674023
2590,285.4293009019982
2591,49.78332572819966
2592,3.0785428976031333
2593,6.910896863988736
2594,198.2241947021761
2595,117.071796183884
2596,49.65001150145243
2597,58.285487645148834
2598,121.52656537817228
2599,3.3076559694275898
2600,142.8844053321987
2601,6.772284986086542
2602,26.161306104677315
2603,235.0309617475904
2604,3.6411472744101134
2605,6.639616841862761
2606,3.634782216722268
2607,32.943248151168795
2608,5.229269254560554
2609,3.5568638736985716
2610,320.61385921004296
2611,299.3443667963984
2612,2.931543558122126
2613,101.07351312355206
2614,4.340568312662822
2615,128.22902320276071
2616,2.7580984149835426
2617,2.3602834753680657
2618,261.4691419402435
2619,76.99058097097357
2620,5.22879234941792
2621,176.22519682680849
2622,320.2939302123313
2623,214.52459629897743
2624,244.10742852495872
2625,5.394793428746627
2626,192.18129415566474
2627,3.2473432165791785
2628,54.76357088844558
2629,201.42074236623063
2630,4.847461488804577
2631,272.6897134618321
2632,178.26036628077765
2633,3.8133062731663236
2634,162.28407714875044
2635,5.522271167131278
2636,292.1618874575834
2637,291.27290236461886
2638,215.19006577826713
2639,165.96997129363146
2640,132.51069882927308
2641,159.86162748316423
2642,171.62897880960318
2643,231.05788372111743
2644,303.23815964957805
2645,63.408315609697375
2646,4.017994558299507
2647,100.93483867639338
2648,4.708329583699244
2649,150.55843058889235
2650,252.1829763340602
2651,254.04468534365753
2652,280.2595051199974
2653,67.87789761387003
2654,231.52566343934296
2655,51.93762048649796
2656,172.55751147768837
2657,58.003926074724546
2658,4.464520463436222
2659,76.05558491664344
2660,44.95605291475181
2661,2.6999372247543287
2662,2.2142642471910032
2663,192.28435882034591
2664,1.510622694964144
2665,128.50414078526035
2666,161.2052618687063
2667,6.184853816396344
2668,62.37476886402067
2669,-13.392879572316158
2670,302.25182756849705
2671,98.59543263692397
2672,5.6447954820451445
2673,6.128881998018818
2674,3.2778908179332653
2675,136.68539295267712
2676,212.69011323942678
2677,6.37504853516736
2678,3.9299790782294477
2679,1.9526888157957618
2680,217.2428209364252
2681,324.5376936338602
2682,4.515229919365688
2683,5.597446928759487
2684,194.53774783196357
2685,141.67037020635098
2686,2.69738413271408
2687,327.8652331717228
2688,4.275358914432783
2689,-25.32408768435887
2690,2.5092151850417777
2691,223.85840346636573
2692,5.703740394031302
2693,165.97167402443702
2694,3.8357078705963112
2695,2.011342928954058
2696,143.45989283286693
2697,2.5128226264320572
2698,130.97672757141524
2699,3.6927844883642464
2700,3.6960841015029837
2701,9.112643651475542
2702,55.20094293974333
2703,214.91355549613596
2704,196.11399124489276
2705,227.23332698541432
2706,59.39403503050071
2707,6.372397833361769
2708,2.385310788683695
2709,67.97834342016473
2710,4.26408683715374
2711,16.868014693984424
2712,158.97677570113976
2713,339.0082421822882
2714,140.27797508917462
2715,3.1413379838342745
2716,223.53964966191342
2717,5.139934032879558
2718,4.43389715833814
2719,5.610344819072271
2720,2.529829116580714
2721,208.2842415073608
2722,20.58020440094676
2723,133.77802714925554
2724,4.53243886915316
2725,370.94292600982016
2726,3.275071714768965
2727,4.017802877513233
2728,224.5857990989902
2729,74.26763027297916
2730,2.93653414968641
2731,59.57687012957861
2732,6.155836880491491
2733,239.4904714181344
2734,125.5336059757281
2735,2.6918110510928397
2736,104.54714152148
2737,4.894058621108415
2738,5.446153241746857
2739,-85.34338103679406
2740,3.4099877582465177
2741,3.6163271300850974
2742,6.0645568314778595
2743,4.105687825627233
2744,264.9397989209856
2745,2.891488892233686
2746,314.6322688416892
2747,88.94786552346248
2748,186.7329096739405
2749,3.624500575462485
2750,66.30147995062131
2751,134.8550025605421
2752,202.09210445582255
2753,55.602669076156936
2754,78.77744856431298
2755,5.853197010637305
2756,4.6242479505318554
2757,3.1595190373858637
2758,4.027226670945895
2759,2.933039643874504
2760,4.464687285400167
2761,183.14703353061117
2762,3.5433124864040106
2763,6.006784785668896
2764,3.5448633488388213
2765,127.3865730304476
2766,5.877362641741982
2767,238.62186530242454
2768,65.306549729667
2769,295.6444197178246
2770,145.49210978037638
2771,-55.28971504256617
2772,3.741570825297536
2773,134.03291714555345
2774,218.36268204123908
2775,6.5557486430198635
2776,5.91537724167618
2777,3.863687775194397
2778,49.1509087915707
2779,6.053945273748497
2780,2.3050217460473466
2781,4.173610642394223
2782,223.6055491300158
2783,4.523598150201292
2784,156.9527725904596
2785,225.09358558439746
2786,24.29652017353831
2787,170.07298292451742
2788,4.905555105666717
2789,142.5257916387301
2790,140.93209464168137
2791,308.76987280084154
2792,3.177850191714998
2793,45.69008739302129
2794,4.295859675775435
2795,95.39256625921097
2796,234.15944396720764
2797,252.4738415285381
2798,49.61454583936778
2799,247.65044786389925
2800,5.14645454038399
2801,4.481576779888815
2802,2.9893364529742077
2803,7.036264192014083
2804,2.614579545117001
2805,23.869473050108716
2806,374.35138812235647
2807,20.108823503907573
2808,19.401029419454307
2809,3.5002046379899
2810,170.29520152440415
2811,198.80690919949384
2812,156.49805013387905
2813,146.4705757354324
2814,208.7334495041161
2815,3.200797779760771
2816,95.5708289281447
2817,309.39674906062237
2818,289.91207714659464
2819,4.184426226359642
2820,151.17610372183432
2821,245.32326706233852
2822,343.215312399799
2823,207.39577351199182
2824,2.855619695013933
2825,76.84752001274491
2826,-9.93268404262625
2827,29.351114653398316
2828,107.08384941638921
2829,6.065360030809804
2830,243.71044718712136
2831,37.970165514403895
2832,213.47513979378863
2833,3.950617042174098
2834,3.3142875071736397
2835,147.88759945132287
2836,324.7842700293929
2837,38.40953959908592
2838,116.67713209885082
2839,3.3441506463388695
2840,34.94533681141537
2841,27.21107684524101
2842,5.848096432892323
2843,214.979133028553
2844,302.6528069947971
2845,265.14415802738415
2846,125.62899586562379
2847,311.00668140966826
2848,185.86260444848378
2849,280.5515977854136
2850,5.928879670980679
2851,2.5167739368423345
2852,106.66506277066999
2853,236.88039756645256
2854,2.3809378877459744
2855,3.1537416722673615
2856,2.438717111387596
2857,-83.36186145937725
2858,101.16457820190422
2859,5.297441007197476
2860,101.07351312355206
2861,5.941718764063949
2862,7.820248826893026
2863,177.825218096764
2864,21.348237772957486
2865,249.6230249114351
2866,-26.67871765757189
2867,5.695654268650696
2868,287.0112466768839
2869,108.65992933570914
2870,-61.6110055780252
2871,4.503413782208455
2872,118.61437080372245
2873,36.120232184748225
2874,258.0153591090834
2875,108.29386987147787
2876,2.411381006834693
2877,4.615083357771267
2878,210.96964851161644
2879,5.1629609578727
2880,60.98092080251162
2881,188.87484593885668
2882,4.66583533820094
2883,113.39117412648497
2884,-15.043976914905189
2885,158.89783836955598
2886,192.46467417674097
2887,68.43078285018755
2888,110.96880675041827
2889,156.83408235023052
2890,233.0043985049503
2891,3.20728903553981
2892,78.12939409588431
2893,254.19978503960863
2894,26.371847813535787
2895,5.880758719551475
2896,4.535450537733326
2897,3.82432108628966
2898,164.6158966573981
2899,287.6712579828577
2900,2.718300109725433
2901,5.798105670033354
2902,44.34762680539349
2903,3.1862034784852966
2904,118.13837154442277
2905,3.546431859414163
2906,192.94973045554198
2907,167.33040711111263
2908,35.47311257054264
2909,4.916950008961922
2910,312.0843021062689
2911,210.07817442848378
2912,20.070513540322214
2913,8.65902521850823
2914,177.23194931729918
2915,372.0027732610541
2916,156.22669761311462
2917,230.52520807274493
2918,9.283708762136278
2919,52.460845908171706
2920,271.233259466049
2921,67.38454290065377
2922,2.9095877138135076
2923,147.66000355734084
2924,5.786638448853654
2925,4.600501210878505
2926,3.7712361906278917
2927,183.89625660059963
2928,161.34879643108667
2929,57.4110912725652
2930,189.4441550055248
2931,302.81090530663135
2932,31.274350904640876
2933,3.078471317437891
2934,3.131325047418011
2935,239.8023685697061
2936,3.204812092954243
2937,2.364924870828018
2938,4.672368028330396
2939,316.70330179664103
2940,149.85591329199565
2941,70.71930433681831
2942,108.10489678792979
2943,99.90732258951245
2944,110.22107450837663
2945,5.812699154589104
2946,6.4189628701519945
2947,113.30581946753762
2948,3.6538853364088264
2949,5.966724587631667
2950,51.29581401629015
2951,6.699223061019622
2952,3.548763842585867
2953,262.2446799788737
2954,298.36507038216223
2955,45.900682976218185
2956,166.51120444760733
2957,4.872619464682099
2958,93.11040408210201
2959,85.8894998290905
2960,6.3994127839773265
2961,112.56041581501566
2962,49.57727531602148
2963,4.584665880828784
2964,2.2661633551322007
2965,175.74830386339673
2966,207.30200985590818
2967,173.94452745982616
2968,52.70105160861836
2969,214.89666561651933
2970,349.83490632278443
2971,279.44798050817946
2972,63.782109701427466
2973,6.328016049559193
2974,10.053558490498803
2975,5.796970762681578
2976,5.644175783597411
2977,168.58038927253685
2978,24.41477296187297
2979,178.3669650305424
2980,4.5022689634657915
2981,20.809084587654883
2982,246.74754923269185
2983,156.6370035135467
2984,-1.0607001846855573
2985,114.48280054719729
2986,2.699412525089895
2987,111.0971238380859
2988,-4.839710589885057
2989,5.925164688908278
2990,3.3369602642931984
2991,163.76032091637666
2992,277.08960286009676
2993,272.8657594356173
2994,61.513375983068876
2995,-56.549228481018005
2996,31.43301309189323
2997,8.4081434520677
2998,2.050631716774096
2999,2.807169090827653
3000,305.8855671086822
3001,1.8458103098322538
3002,275.98213862968305
3003,5.788154800867514
3004,3.92506909568653
3005,2.2922258988669335
3006,5.0994478813865705
3007,82.48994330176855
3008,3.5191073519083904
3009,109.41632180121458
3010,182.42154369138086
3011,6.6604713260513355
3012,257.03044402703085
3013,74.35049573724505
3014,140.94701862399174
3015,-6.9697628240895355
3016,37.61926111909352
3017,5.672761433152967
3018,85.55657850753815
3019,4.791886492563772
3020,363.6873242600239
3021,10.769719635962911
3022,5.7662646892348395
3023,245.50365526603102
3024,38.224321505857276
3025,51.41546249186152
3026,4.283061367967765
3027,5.788632818429987
3028,280.50585784198836
3029,229.98745384388468
3030,45.59583386513584
3031,86.04345323444315
3032,279.8519822917942
3033,217.53352691556415
3034,208.1599250132816
3035,13.131107937584988
3036,3.5579535105684945
3037,276.8244813481996
3038,278.33922664523607
3039,6.084276708811219
3040,314.0442582119884
3041,122.02887516257276
3042,4.6482041990191245
3043,4.137651170582805
3044,50.36331896260314
3045,210.48798332893008
3046,76.98946638168678
3047,2.235027123484771
3048,73.20433215809055
3049,2.312436780582461
3050,245.00045002072503
3051,90.96086562994721
3052,2.507095985192349
3053,51.483942671764716
3054,-84.80137225723895
3055,27.24218727500231
3056,4.173457917581783
3057,156.04642151877175
3058,76.2835740936682
3059,65.24725021995233
3060,151.1941934195691
3061,232.7170139693227
3062,252.0096510651909
3063,129.0535664164278
3064,255.2315941414264
3065,122.65559825045946
3066,253.9542029001413
3067,250.7089111713029
3068,5.1100348715325445
3069,-30.867089780765788
3070,41.75644973043091
3071,6.060168371895804
3072,256.1527272387607
3073,231.67417350937245
3074,217.56037969764176
3075,30.463058333698587
3076,216.092771515096
3077,51.546069277819036
3078,143.31448218949728
3079,4.029206208613886
3080,252.1049425286555
3081,2.3806328468446267
3082,65.29329838476053
3083,250.24196381195978
3084,112.77406906920307
3085,6.128047691307212
3086,3.042246563960654
3087,211.01753996323595
3088,4.312339631959453
3089,43.7979478670267
3090,49.409707390803874
3091,83.35980693268667
3092,65.26510047610242
3093,226.68752597623495
3094,275.61004793190887
3095,6.680359633147442
3096,3.7116044481287527
3097,43.32045303990922
3098,308.950204741625
3099,3.9565162023667875
3100,302.283896455673
3101,31.798658623243565
3102,258.7496168701096
3103,6.604840513997067
3104,46.681821144090215
3105,3.264197217028656
3106,120.9172286385017
3107,90.22456838647831
3108,4.1508998856412775
3109,1.0999717012763992
3110,119.96647572097156
3111,30.17094772898558
3112,33.1302082136027
3113,249.87601826464774
3114,3.7124390484777927
3115,141.66251017074399
3116,64.85576793193121
3117,163.75380964476062
3118,69.48214524592045
3119,156.29793931878783
3120,141.3744986347088
3121,3.268343165909474
3122,221.11272525354082
3123,-67.99340004257678
3124,2.1087212133482143
3125,295.897944980628
3126,5.041714929726663
3127,4.521448495225179
3128,-2.7772348060874497
3129,134.49224443540078
3130,188.36988153780715
3131,2.377020425816051
3132,224.08609379815297
3133,27.01878672287897
3134,304.6513534686503
3135,134.5751664887914
3136,5.372624608276756
3137,226.98378861716847
3138,5.782333127917072
3139,19.018245764312166
3140,-62.941527179315756
3141,4.046694563091136
3142,162.3074234197361
3143,123.66180032105743
3144,255.3829026970083
3145,249.72620909732285
3146,4.462454722593892
3147,3.932003195783192
3148,59.274001928072884
3149,2.7355167661002953
3150,208.91337891130584
3151,21.80070927339629
3152,179.09571514902171
3153,4.2652738056211525
3154,3.4718118105529405
3155,48.47876608253664
3156,2.4617369015749073
3157,13.268429505550715
3158,4.610255061331122
3159,6.1739373060600675
3160,4.62134307484957
3161,262.9473321451013
3162,222.54513186907732
3163,3.6722501759944866
3164,236.60061918372668
3165,183.62727331703542
3166,210.30192756398392
3167,2.919526609030235
3168,138.69938003379409
3169,6.48439089098874
3170,3.5031540298636403
3171,4.190110588130581
3172,5.506090577001317
3173,143.0993243324011
3174,236.68707233373885
3175,2.79330992094462
3176,257.06221090073103
3177,108.84249751706766
3178,192.47359069317275
3179,286.56213180638224
3180,181.98265515696352
3181,18.35696270648648
3182,118.499451927933
3183,108.20590666756036
3184,-21.448242456358017
3185,3.1212483791518832
3186,6.392460949649716
3187,5.691918048708356
3188,5.123555285689326
3189,62.99299118377125
3190,2.579737892997913
3191,3.9715230268255826
3192,3.28703614244124
3193,6.3448942693181785
3194,142.13510839801708
3195,264.85857715629345
3196,272.6919779228879
3197,20.73510857292686
3198,6.302523558772299
3199,204.3093487425565
3200,2.6292605931855926
3201,39.171058949434226
3202,109.38036890157237
3203,294.1224301940848
3204,103.84397174837613
3205,3.2274825746629254
3206,5.227721864235903
3207,166.51796430366642
3208,6.365598098676766
3209,4.881157220279182
3210,2.870295403688199
3211,3.839835412881694
3212,4.813850701546072
3213,6.110164815305626
3214,6.139664809441849
3215,175.0989300441836
3216,3.8644186722511416
3217,5.170189725704886
3218,260.06859953276506
3219,4.099680813518727
3220,200.640545157199
3221,6.58821973577874
3222,284.6958841664706
3223,4.495970340024311
3224,4.533646659203882
3225,77.84649780257438
3226,59.656789432127624
3227,4.756923187133408
3228,204.95821536692844
3229,49.56754261563625
3230,-0.903072344308927
3231,100.68612242002322
3232,85.48747932901993
3233,5.058722777754741
3234,296.6542367461529
3235,124.52684538006764
3236,117.20553950583484
3237,148.7689810839296
3238,249.79007116114897
3239,286.6271600453889
3240,226.69131723644983
3241,232.15574082453332
3242,1.5581653546689571
3243,106.57384824222103
3244,224.3041296525387
3245,46.42960624042635
3246,206.29883623988408
3247,-68.49451025563324
3248,3.322859199431313
3249,5.897286349996116
3250,4.286773199489353
3251,267.9554008165564
3252,247.00597533435837
3253,266.245440930137
3254,216.14214846713267
3255,6.974887935229389
3256,203.00417353109228
3257,245.00319190337993
3258,277.81504554778076
3259,257.4398568598103
3260,217.76267168207735
3261,-7.238728372071912
3262,-5.559276587121617
3263,6.029008507476283
3264,110.54678888314646
3265,5.10571634952167
3266,5.1250756928056145
3267,5.757297545182099
3268,-73.13090763417742
3269,3.5309298135973846
3270,204.5303962747976
3271,23.32842307627821
3272,5.167417397126808
3273,271.3581270539222
3274,5.569398576614243
3275,290.06401971184914
3276,5.616638381212635
3277,3.909804165817698
3278,192.93874810258617
3279,126.6636132107379
3280,212.1771957880168
3281,261.45368299989104
3282,-54.3831770920993
3283,83.63110676681637
3284,5.318466755655833
3285,7.171453003441245
3286,364.31946706970865
3287,-28.847301902892767
3288,4.370528244975407
3289,114.67546623786411
3290,269.0876109745877
3291,3.5425095191953995
3292,49.48628876980033
3293,241.52140406525797
3294,86.09771775482959
3295,207.75881131823584
3296,3.1317254292371537
3297,67.03442951798499
3298,244.4936398464074
3299,139.2595140238597
3300,229.7644644067477
3301,282.5501323099178
3302,2.9343689649160227
3303,-27.689893165729334
3304,1.6443049212087437
3305,-24.57301235039047
3306,55.337771074016345
3307,196.6967090082435
3308,3.642949649278603
3309,168.98229015371544
3310,56.014993994497985
3311,22.904071512508136
3312,32.81070466125511
3313,167.29924894168846
3314,167.46817267282424
3315,3.0155166274687004
3316,278.2869341979454
3317,6.237935590886523
3318,5.033694435809725
3319,42.23543715976231
3320,4.117600301044207
3321,4.202666705269216
3322,229.39000864191698
3323,83.3063761805007
3324,45.656183400944336
3325,268.41986233839907
3326,-87.68913951240442
3327,4.902212119927507
3328,6.273329577734526
3329,10.55110351039689
3330,5.907248779652689
3331,4.454841391164082
3332,3.008337207253171
3333,69.54625847237733
3334,3.96643689463737
3335,274.42833817833275
3336,125.72871911840276
3337,250.14168652139102
3338,5.359607374640601
3339,93.48984804784048
3340,353.1326219000395
3341,3.198381249258597
3342,211.83953585235292
3343,5.065644539800407
3344,92.21574665567968
3345,3.5460813355617917
3346,150.84119839363635
3347,113.96033368578692
3348,-39.92812627297691
3349,-57.181398015125225
3350,2.51067964093086
3351,5.052456630819145
3352,225.54240714951862
3353,197.85443459242902
3354,4.020625381895034
3355,-43.52432231587136
3356,7.459868159594007
3357,215.8709742372284
3358,131.5956852362154
3359,113.2942412085474
3360,6.939141929100671
3361,73.42490396537919
3362,56.85876272811197
3363,6.031172299167691
3364,104.79497298097955
3365,3.2882686270732604
3366,234.84798470498703
3367,6.264135728644516
3368,143.43535002605296
3369,4.664320269976652
3370,6.240587536530662
3371,256.9584770725608
3372,3.675104450032982
3373,314.5894876422941
3374,337.6314103626454
3375,4.143503985105747
3376,249.3040764720619
3377,268.23162702019664
3378,2.562777139616651
3379,276.3771497830642
3380,3.6335321399561082
3381,232.57664693073505
3382,-19.670511068981128
3383,95.98844553964696
3384,276.36645428144953
3385,86.76059125992715
3386,6.521743616590795
3387,2.6347543643953752
3388,161.13523002212742
3389,3.0060492343883527
3390,199.10911804974722
3391,123.56489182500762
3392,6.5482375237079475
3393,60.4499984385446
3394,4.234097849883463
3395,337.03556775012225
3396,4.481918828117097
3397,109.53150567210348
3398,2.6676224087565132
3399,254.1734746521437
3400,5.903637660125978
3401,5.783885472249836
3402,4.788951290036401
3403,151.2432470984697
3404,129.29965773367542
3405,5.223523039147681
3406,168.69710366950815
3407,-58.20570465986459
3408,70.29537916498587
3409,103.60157725940319
3410,-19.463381219699528
3411,6.301126261076174
3412,87.85482076927035
3413,4.573949201550881
3414,63.12755158196044
3415,195.38832088974445
3416,21.348237772957486
3417,80.8861773723456
3418,225.39971707708608
3419,179.91660043764776
3420,193.9958203274627
3421,83.50644763240338
3422,2.7858822532077196
3423,235.09193847222326
3424,5.0715396451679515
3425,38.211557759408784
3426,6.5848804053064445
3427,33.043059154580945
3428,109.36318099320519
3429,62.2795361906812
3430,5.552835985030598
3431,274.84736748308796
3432,138.83995602501082
3433,114.60832760460268
3434,5.653310765511389
3435,260.56807057873795
3436,91.97374874732452
3437,47.52867278274704
3438,6.3688907301400395
3439,3.0346507836008367
3440,211.73278600885294
3441,2.850506966118639
3442,5.887374692330217
3443,133.68047355780416
3444,91.42907884191007
3445,313.68802963032704
3446,4.32314594242733
3447,6.4948065259142576
3448,4.315050119630404
3449,-8.880287821230173
3450,151.43159617447927
3451,5.589085870146583
3452,-79.36719159833747
3453,94.24577159357791
3454,5.0786169311225215
3455,296.6530791634767
3456,3.338066346947214
3457,5.982203143458957
3458,243.3220934351723
3459,3.285272718151641
3460,150.33185576822348
3461,82.92116728723258
3462,4.796011629072838
3463,5.621691288262836
3464,2.7418680318771065
3465,54.789022772367616
3466,200.38269218648074
3467,5.610193238528085
3468,1.7981415500417255
3469,5.78364598951768
3470,177.09850824938613
3471,5.7950899108659275
3472,6.521329807580257
3473,98.96033450608236
3474,55.1269227624711
3475,4.684998530385094
3476,272.6094977177286
3477,305.7158058029128
3478,4.907198224828643
3479,12.189396154177958
3480,79.57143550914117
3481,-23.605437365583168
3482,2.8757782937845757
3483,76.58623641967166
3484,253.97842117944302
3485,4.128450342025026
3486,35.453000531901026
3487,57.32790632711032
3488,278.64490598948976
3489,290.04605304154353
3490,236.00163752481282
3491,87.37185240603235
3492,5.587505285285036
3493,79.19180068634708
3494,320.0312712866532
3495,127.5918957785458
3496,4.679703057106693
3497,54.57509989358437
3498,289.3222186119019
3499,5.664595906718418
3500,139.2843222193235
3501,212.9221882830061
3502,182.7689274169892
3503,246.72079960915107
3504,221.16270721690302
3505,2.625821146174053
3506,73.10363893117544
3507,5.748185751043265
3508,258.6146714013943
3509,5.213528926917628
3510,89.58766572847591
3511,105.69288320975545
3512,251.6421035058656
3513,5.994013651917116
3514,30.17128827714422
3515,208.2288358539878
3516,3.310844640073396
3517,93.81260106205256
3518,3.1036489206533187
3519,291.0167437152183
3520,68.66930069419872
3521,-70.67916003392513
3522,86.40713596626183
3523,265.9407803925872
3524,4.832843170694394
3525,99.16580585220197
3526,4.2071689724066195
3527,-25.32333687524187
3528,200.17961723122744
3529,-31.346920187876723
3530,22.704734464630587
3531,3.0125461850085875
3532,25.17010219156898
3533,140.0293983503394
3534,44.2608857429118
3535,84.68090668245607
3536,315.42475190099884
3537,4.920217278814368
3538,6.324493391610092
3539,5.8605130164698815
3540,277.9828480840201
3541,3.548318782240373
3542,1.6869205916483232
3543,6.499233128591691
3544,19.872472691244226
3545,257.5899837303217
3546,6.3295133929297505
3547,5.909939202488868
3548,83.16718544661109
3549,339.2549886124484
3550,26.834735812147038
3551,2.687444552659638
3552,63.4980552332278
3553,126.85417476820191
3554,103.42892761705151
3555,223.84807144052846
3556,224.9296878000307
3557,-48.716883688872635
3558,6.658916588191334
3559,3.1207090708998937
3560,4.965312014692794
3561,5.3279644346117525
3562,-82.70483367635686
3563,67.33308419683384
3564,237.07499681730792
3565,262.38238272013047
3566,51.14122778330124
3567,3.202382434966929
3568,273.87703052716864
3569,3.896098509256736
3570,5.899205241391639
3571,3.5012489792621846
3572,69.55847618339737
3573,90.38858404917599
3574,300.5652603566439
3575,4.332239441634455
3576,167.66141401511274
3577,212.80844612267418
3578,2.5716166645052274
3579,47.48600051675336
3580,87.83322450938033
3581,229.58583808600474
3582,279.4093397662391
3583,221.62252733064486
3584,5.567308976062039
3585,123.24256554416206
3586,73.04397809050286
3587,237.6133441274656
3588,81.55947858416216
3589,253.95203458098302
3590,3.918726660704364
3591,-12.67775162937001
3592,55.449619135567644
3593,104.05238328615563
3594,5.324625882409475
3595,192.8033145705782
3596,105.02336658785248
3597,5.905952083755288
3598,149.76741736177902
3599,87.7415529389052
3600,138.9048562883467
3601,6.146248660344283
3602,3.839755737985008
3603,203.91872250523937
3604,318.8319529099399
3605,5.788083235000414
3606,294.35848228720306
3607,230.54662795080614
3608,187.3913975356523
3609,35.717019606693334
3610,6.930868545286542
3611,258.31809807939874
3612,24.29538068185668
3613,248.56729375152076
3614,256.26821156661936
3615,5.79471616206604
3616,5.910888252408683
3617,4.160269414468047
3618,52.72811840299075
3619,3.093778777277596
3620,48.55394936864002
3621,104.37226608417498
3622,6.38301277286976
3623,5.3096638685827315
3624,3.585298100243482
3625,285.40556337715384
3626,30.873198994382815
3627,192.29854137790366
3628,6.212364863594533
3629,168.01284837240615
3630,277.4671351990735
3631,163.99755583973516
3632,5.147540605407535
3633,263.53781147410655
3634,5.815794464057439
3635,64.0712598863318
3636,100.02322852323405
3637,308.65641661236896
3638,159.13457519560478
3639,248.6968079589222
3640,5.78730040334418
3641,49.26251806811867
3642,201.06533035234543
3643,65.65159949567125
3644,234.89022174182523
3645,2.86127376971324
3646,5.828701861473169
3647,4.015527688516149
3648,349.28138415773617
3649,7.1989153391033485
3650,162.32733913649264
3651,3.8659882281587814
3652,112.90660423723472
3653,169.1526854941761
3654,338.97396093370577
3655,53.873327244736956
3656,6.443773735526997
3657,333.7049326356908
3658,2.4698077890725436
3659,163.1318915675474
3660,278.6676410359506
3661,35.30793605243518
3662,167.83583241002532
3663,129.18736226078542
3664,-26.158137997791904
3665,5.726052177843621
3666,161.05837838422335
3667,2.5509747605018163
3668,6.366967514096029
3669,161.6674871951474
3670,70.53098976250473
3671,234.94554881762153
3672,245.6987587715708
3673,161.92829709747815
3674,117.38431537868996
3675,153.77277243651903
3676,156.30918943830366
3677,4.0334011103932115
3678,6.355141140577347
3679,132.07413859579276
3680,225.21117630708844
3681,296.71892140581053
3682,-56.523715804501435
3683,3.046069031086232
3684,176.2334783387491
3685,217.47559464791397
3686,3.273628098219529
3687,96.26741360002129
3688,112.21541414849857
3689,181.6019821195265
3690,157.95580702629775
3691,153.71441847135688
3692,5.882281777178833
3693,246.91045777411819
3694,237.02715970263725
3695,5.314734421210904
3696,49.2930161678059
3697,106.25577660993876
3698,5.819054473180852
3699,6.170745595603301
3700,32.8561493151616
3701,3.855996298354705
3702,91.42907884191007
3703,229.93524315225508
3704,323.16952141663023
3705,230.6311062218954
3706,107.62062958136615
3707,4.232732721460642
3708,38.43052290568875
3709,139.47236132484358
3710,89.59847902066096
3711,36.6812845058605
3712,5.520104123846782
3713,4.664860370251051
3714,3.257208957439465
3715,5.821089717762143
3716,222.5172705775239
3717,149.652435736619
3718,28.279203723036602
3719,48.12283038096159
3720,109.95689048854165
3721,6.342003452723401
3722,4.047187238814287
3723,280.8848707028584
3724,7.929747269145781
3725,2.046757140366436
3726,124.1315588825922
3727,3.951517782349751
3728,86.8731030178922
3729,181.07316067293647
3730,6.409652641757233
3731,5.467377892569756
3732,37.78731979449729
3733,226.50950554061217
3734,6.155084234185845
3735,106.98360563744296
3736,228.81661800199873
3737,169.99189086063768
3738,4.168020202119552
3739,43.65230621580732
3740,296.0366514260621
3741,83.42719002494557
3742,198.93657961588784
3743,297.6085339097869
3744,219.0399976787462
3745,83.87379657401085
3746,48.57264027646351
3747,306.38787842342754
3748,3.8851101569610553
3749,5.8504907863490985
3750,269.5066394412768
3751,3.689024605167464
3752,151.26496082075923
3753,138.51551147907702
3754,4.639201104633291
3755,1.8912895788213986
3756,102.01465543780606
3757,4.635092698167386
3758,17.451485244148653
3759,64.47371899453925
3760,3.148563979366668
3761,99.88582945427343
3762,34.90916984019917
3763,90.57748194512727
3764,237.72035803615796
3765,183.4884687627825
3766,5.895241883181745
3767,108.11687889570118
3768,251.13435549163492
3769,311.2693839412261
3770,5.178360406284198
3771,286.3565280059391
3772,32.6181714635861
3773,90.03200708389409
3774,179.6129442374569
3775,160.96977237270553
3776,265.4778957695625
3777,6.651860425363838
3778,223.9927348876604
3779,2.7854062408859175
3780,259.8929325729771
3781,25.30529874193689
3782,276.8117855482213
3783,283.7291341541876
3784,223.66329986948494
3785,5.857673829132069
3786,271.14415504261586
3787,2.783555613145804
3788,133.50556411249443
3789,207.42020714673814
3790,3.3406020038388866
3791,224.90620056534476
3792,222.00860585999155
3793,6.654720570660589
3794,319.3837407584023
3795,245.1747075521823
3796,87.44800334311265
3797,4.401424947541903
3798,-53.827381793402594
3799,2.636464846430857
3800,73.914624710236
3801,204.4648167031811
3802,6.641783540834285
3803,265.90208298861296
3804,267.4007517455539
3805,5.3056497325193295
3806,252.31265325460816
3807,98.65661803950461
3808,2.9981566896629106
3809,4.6631851725184
3810,117.50851623385364
3811,51.47710242731863
3812,7.2213345583874835
3813,3.9015122292076803
3814,4.4448429748669325
3815,245.9007384541085
3816,37.23403570219032
3817,117.91457156340539
3818,115.10490504115182
3819,3.7285866051161562
3820,181.5617752689526
3821,68.5195557412325
3822,154.28915112168625
3823,101.0567342501546
3824,2.24689010929716
3825,203.37871216761232
3826,12.621862220855675
3827,135.6113158876289
3828,235.34989400038785
3829,-52.02459074901907
3830,133.92294890875243
3831,126.27410847748828
3832,220.2034296121289
3833,152.38338285002894
3834,385.4383741213692
3835,44.95441896932327
3836,206.92258226261941
3837,284.90661859742085
3838,4.003428494493465
3839,6.655805221346546
3840,254.21077026923666
3841,71.9975061669447
3842,274.4516305985377
3843,-57.44520874896987
3844,195.86520474442918
3845,295.2941633012688
3846,168.12267396146757
3847,218.39212433514805
3848,5.241612502882151
3849,83.09766061584448
3850,3.0374386264527784
3851,125.44912753965792
3852,152.14584925306417
3853,5.881654496018098
3854,2.8091695383278146
3855,44.701886903601135
3856,303.0297073442265
3857,325.17584475706724
3858,4.5075366908455665
3859,252.3967561178759
3860,206.40776025871943
3861,189.79719546478387
3862,3.609626946729803
3863,3.148359615253775
3864,5.287595352047055
3865,260.07995395808655
3866,210.77704953769233
3867,112.24108631429259
3868,2.4764563242882156
3869,59.486002154946085
3870,3.3574847424995564
3871,139.8920442389635
3872,141.5687995560831
3873,290.4269168435502
3874,3.246439381447206
3875,4.660859640211156
3876,186.7227000350315
3877,48.585330130583216
3878,60.77573002066469
3879,11.98373627511581
3880,5.775472399618182
3881,5.929979634033257
3882,328.7293167285935
3883,270.43694446247605
3884,217.8305550726105
3885,333.0177496451474
3886,3.2739243043539537
3887,146.91025673484393
3888,224.18947016002915
3889,5.830798579056263
3890,85.58597715725176
3891,5.7522264058537145
3892,3.0803094266956577
3893,211.36146497574455
3894,80.88361445502616
3895,295.37869340790706
3896,35.94015998624203
3897,253.74029263443794
3898,256.52803265153574
3899,93.55426817242025
3900,242.34048109181842
3901,5.793839532255966
3902,353.49162172351333
3903,6.096752461953961
3904,195.62566246366126
3905,253.25231535286332
3906,255.21678283749762
3907,279.31377226526945
3908,4.244417465356165
3909,5.6694877461366335
3910,6.0578501982937665
3911,-46.474392275736086
3912,269.5614898226322
3913,243.9729332474463
3914,97.6301070121237
3915,5.773901094262792
3916,6.0402679128423475
3917,6.2341637368493865
3918,149.45949673706045
3919,1.9773471163458147
3920,96.79529088392701
3921,147.80075172781565
3922,26.037320953481363
3923,50.34456706255499
3924,2.944847987928003
3925,216.36833699771594
3926,176.46827493804344
3927,6.024779385098015
3928,136.82973182208866
3929,28.99589395045065
3930,132.0006851797443
3931,196.46815473951645
3932,3.815784153656361
3933,6.563072464324658
3934,3.8472367971293586
3935,196.58317916332302
3936,51.039666531261936
3937,59.960460813008915
3938,-70.90543998182719
3939,6.174226497260858
3940,89.29806235589962
3941,-15.262392246861475
3942,5.610810147192396
3943,60.799735364096776
3944,2.8730939609531974
3945,252.07457175397397
3946,123.7991230599335
3947,26.568247628576326
3948,3.7595979318987784
3949,3.300018922012608
3950,3.2162838537912495
3951,109.24154072227965
3952,279.2111523530894
3953,277.88706017750275
3954,5.273642560221242
3955,4.988658096423555
3956,4.437720804574547
3957,187.90135292866194
3958,295.16567069423604
3959,5.881071877652477
3960,-20.564446314181353
3961,4.092583572939695
3962,191.6298934719962
3963,115.36473864973823
3964,3.125453077471958
3965,6.503992880889526
3966,193.63528943527643
3967,106.11170531347128
3968,103.25515748446408
3969,5.784453296283088
3970,313.7418974891394
3971,151.93956950115978
3972,102.43352481630929
3973,235.1629459405051
3974,235.92126198404895
3975,193.88764845125846
3976,202.75818589181986
3977,169.9188785739371
3978,240.14172799122827
3979,6.115684101652888
3980,2.4898902379316725
3981,27.24181609906479
3982,110.72432378659484
3983,42.126106211284124
3984,5.1022181864117
3985,34.00042995541159
3986,4.957426284527022
3987,167.65846975282048
3988,104.71458635614245
3989,5.104547756506686
3990,144.6556432756293
3991,216.07023440545717
3992,137.4530662726441
3993,92.14393174558889
3994,4.2133422632705475
3995,122.30021280009127
3996,3.435771583339229
3997,235.9209311100388
3998,-18.50294016884274
3999,60.47007738358834
4000,2.5310991731051886
4001,49.60386462468349
4002,3.745391020483874
4003,108.9063345733941
4004,198.31842603373906
4005,41.633572796435026
4006,6.879690141781087
4007,253.90431597232524
4008,-1.5190647242316349
4009,135.31037051396999
4010,109.79933660257666
4011,2.994820495225058
4012,6.499796760239094
4013,2.9141907304446417
4014,0.3957687974646861
4015,43.76707368429272
4016,3.671126402541083
4017,247.8570538168679
4018,4.759051135077537
4019,259.2636100426767
4020,5.260814660677655
4021,140.61020136268127
4022,-55.12402958850947
4023,203.82666829764742
4024,121.63746879921321
4025,4.129573464538463
4026,257.329894910767
4027,236.9446465375281
4028,160.55467584227404
4029,250.87301898843864
4030,2.3931858114331934
4031,3.2434406320739435
4032,282.73224162913294
4033,47.60595140240055
4034,2.9496132897932745
4035,237.44164415417032
4036,268.6466332256484
4037,177.88674141333368
4038,5.04515963951862
4039,5.0885529783031735
4040,222.39690611351827
4041,5.342444928679225
4042,48.031018552472524
4043,43.99133629431428
4044,195.23488992298005
4045,6.1005624085076775
4046,100.25895955776164
4047,82.4389828170266
4048,5.93609616098003
4049,6.070059949417557
4050,5.31615384707461
4051,6.0662650000094365
4052,4.122540903409027
4053,4.384340675599462
4054,4.774252890850131
4055,13.591958137825586
4056,36.04928503965374
4057,34.452292364164165
4058,201.9413652216305
4059,52.1902932949295
4060,2.4821580964301106
4061,141.33833060024807
4062,350.3137769353845
4063,256.492983348923
4064,26.823846837546853
4065,6.170745595603301
4066,301.4098065628609
4067,141.94131696411105
4068,52.08903685492421
4069,58.903547057947556
4070,72.53833980593907
4071,48.00041641448913
4072,6.65126277251052
4073,93.85031296060322
4074,-54.3831770920993
4075,241.72108864608833
4076,5.773924222815181
4077,57.87721537136599
4078,2.573780143318306
4079,102.70013941848488
4080,156.7746070665629
4081,64.12093651207306
4082,4.699624463887723
4083,4.489832331934471
4084,5.051899476993218
4085,83.81140003070854
4086,38.03912786398331
4087,5.889653695305141
4088,30.437905241839655
4089,100.2302936294426
4090,73.68632775551765
4091,5.152340367621786
4092,135.47933477886704
4093,168.84258278005566
4094,28.503068983850536
4095,82.21679760809002
4096,268.08713441901733
4097,160.38235447816626
4098,167.3017511846229
4099,2.4743227897497415
4100,272.30277024515806
4101,60.53326170475135
4102,251.80846485481334
4103,20.04542736221258
4104,1.4758530314013962
4105,-25.80057881385666
4106,49.46804532845165
4107,5.301403744727161
4108,152.38450577541275
4109,186.51096507027273
4110,288.3810877786431
4111,-38.020462434735215
4112,95.44615612953238
4113,221.3682508103206
4114,38.00215557399118
4115,345.38218744338525
